Date,Symbols,Close,High,Low,Open,Volume
2020-12-03,AMZN,3186.73,3228.64,3181.31,3205.46,2892039
2020-12-03,GOOGL,1821.84,1843.83,1817.0,1820.54,1236366
2020-12-03,FB,281.85,286.65,281.07,286.25,12921694
2020-12-03,PFE,38.581,39.484,38.033,39.437,71253004
2020-12-03,BNTX,118.68,121.8,115.0,119.85,4264644
2020-12-03,MRNA,157.26,159.11,143.0101,143.5,38656507
2020-12-02,AMZN,3203.53,3232.0,3173.2601,3221.65,3129304
2020-12-02,GOOGL,1824.97,1832.74,1785.1695,1795.36,1471235
2020-12-02,FB,287.52,291.78,280.825,285.36,17361624
2020-12-02,PFE,39.263,39.85,38.783,38.945,87647754
2020-12-02,BNTX,121.09,123.59,116.43,120.85,7164716
2020-12-02,MRNA,143.0,149.7999,128.1,138.63,51217334
2020-12-01,AMZN,3220.08,3248.95,3157.18,3188.5,4544382
2020-12-01,GOOGL,1795.36,1821.7199,1763.03,1766.655,1868134
2020-12-01,FB,286.55,289.3,278.96,279.16,20777906
2020-12-01,PFE,37.926,38.975,37.54,37.917,75503825
2020-12-01,BNTX,114.01,128.1299,108.0,124.5,9634549
2020-12-01,MRNA,141.01,178.5,130.33,177.66,125552341
2020-11-30,AMZN,3168.04,3228.39,3125.55,3208.48,4063916
2020-11-30,GOOGL,1754.4,1780.335,1747.84,1775.65,1620887
2020-11-30,FB,276.97,277.7,271.01,276.03,16693336
2020-11-30,PFE,36.867,37.338,36.183,36.521,67985804
2020-11-30,BNTX,124.24,124.91,113.5,113.64,9934807
2020-11-30,MRNA,152.74,153.8699,141.05,144.0,73203064
2020-11-27,AMZN,3195.34,3216.19,3190.05,3211.26,2392867
2020-11-27,GOOGL,1787.02,1797.01,1764.54,1764.54,739507
2020-11-27,FB,277.81,279.13,274.82,277.39,7808426
2020-11-27,PFE,35.829,35.856,35.367,35.395,26265972
2020-11-27,BNTX,109.99,111.2,106.1,106.44,3874562
2020-11-27,MRNA,127.03,130.06,114.86,115.12,43438495
2020-11-25,AMZN,3185.07,3198.0,3140.26,3141.87,3790403
2020-11-25,GOOGL,1764.13,1770.38,1748.36,1767.81,979957
2020-11-25,FB,275.59,280.18,272.65,278.14,12467009
2020-11-25,PFE,35.154,35.184,34.875,35.154,28010498
2020-11-25,BNTX,104.96,106.06,99.1,100.0,3007405
2020-11-25,MRNA,109.18,109.29,98.65,99.03,25850691
2020-11-24,AMZN,3118.06,3134.25,3086.258,3100.5,3602102
2020-11-24,GOOGL,1763.9,1766.475,1720.73,1727.5,1400306
2020-11-24,FB,276.92,277.8199,267.87,268.49,16930424
2020-11-24,PFE,35.222,35.357,34.663,34.769,44147589
2020-11-24,BNTX,101.87,103.43,97.5601,100.92,3864020
2020-11-24,MRNA,98.56,99.89,93.54,98.4,12515336
2020-11-23,AMZN,3098.39,3139.745,3065.46,3116.6986,4708887
2020-11-23,GOOGL,1727.56,1745.99,1710.18,1740.22,1127618
2020-11-23,FB,268.43,270.9471,264.53,270.89,20990786
2020-11-23,PFE,35.145,35.694,34.846,35.635,45381922
2020-11-23,BNTX,106.5,109.98,104.2,109.73,5194195
2020-11-23,MRNA,101.03,101.77,98.62,100.77,16359624
2020-11-20,AMZN,3099.4,3132.89,3098.0456,3117.02,3380138
2020-11-20,GOOGL,1736.38,1768.3625,1735.0,1762.0,1385322
2020-11-20,FB,269.7,273.0,269.41,272.56,18122412
2020-11-20,PFE,35.318,35.905,35.068,35.318,63006275
2020-11-20,BNTX,104.07,105.33,99.05,100.0,6776843
2020-11-20,MRNA,97.61,98.43,94.82,95.0,15306303
2020-11-19,AMZN,3117.02,3125.0,3080.92,3105.31,3010270
2020-11-19,GOOGL,1758.57,1763.49,1730.02,1733.23,1005340
2020-11-19,FB,272.94,273.47,269.19,271.025,12963658
2020-11-19,PFE,34.828,35.251,34.51,35.222,44954540
2020-11-19,BNTX,94.93,95.09,91.29,91.6,3400119
2020-11-19,MRNA,92.77,94.65,89.5114,90.0,16002015
2020-11-18,AMZN,3105.46,3140.0,3105.1,3134.0,2916836
2020-11-18,GOOGL,1740.64,1765.0,1738.5658,1756.64,1005377
2020-11-18,FB,271.97,277.3889,271.84,274.52,12152945
2020-11-18,PFE,34.952,36.011,34.933,35.54,65925010
2020-11-18,BNTX,90.44,92.46,88.26,90.8,5772603
2020-11-18,MRNA,88.89,94.0,88.6103,93.87,21823450
2020-11-17,AMZN,3135.66,3189.25,3135.26,3183.5445,3444735
2020-11-17,GOOGL,1761.66,1777.14,1759.49,1767.86,1066034
2020-11-17,FB,275.0,277.68,273.29,277.68,15040297
2020-11-17,PFE,34.683,35.126,34.471,35.115,48822868
2020-11-17,BNTX,86.93,92.0,86.65,89.0,4057352
2020-11-17,MRNA,93.15,97.8,91.6,97.23,26171963
2020-11-16,AMZN,3131.06,3142.7,3072.685,3093.2,3808676
2020-11-16,GOOGL,1774.03,1794.34,1761.33,1764.14,1273393
2020-11-16,FB,278.96,279.41,274.63,275.05,12970352
2020-11-16,PFE,35.925,36.521,35.462,36.435,74464326
2020-11-16,BNTX,91.52,97.0,87.07,96.64,11171585
2020-11-16,MRNA,97.95,103.2,93.3,100.31,70853055
2020-11-13,AMZN,3128.81,3141.7227,3085.39,3122.0,3762587
2020-11-13,GOOGL,1772.26,1777.13,1735.98,1748.0,1487877
2020-11-13,FB,276.95,277.76,273.1,277.72,10400101
2020-11-13,PFE,37.165,37.199,36.285,36.443,39751732
2020-11-13,BNTX,106.0,108.2,103.37,104.12,3009657
2020-11-13,MRNA,89.39,90.53,85.22,86.62,14176721
2020-11-12,AMZN,3110.28,3175.88,3086.05,3159.95,4371208
2020-11-12,GOOGL,1742.82,1764.98,1737.97,1742.0,1324363
2020-11-12,FB,275.08,279.75,274.43,277.18,12914206
2020-11-12,PFE,36.137,36.896,35.838,36.839,46160127
2020-11-12,BNTX,101.63,107.1287,100.5,106.81,3604300
2020-11-12,MRNA,87.81,87.93,83.83,85.18,21750394
2020-11-11,AMZN,3137.39,3139.145,3050.0,3061.78,4366923
2020-11-11,GOOGL,1747.23,1762.9,1743.06,1748.4,1591906
2020-11-11,FB,276.48,278.4,272.48,273.47,14956950
2020-11-11,PFE,37.05,38.686,36.473,37.417,58148717
2020-11-11,BNTX,109.45,112.5,108.6127,112.0,3274124
2020-11-11,MRNA,82.44,83.98,76.13,77.05,18576496
2020-11-10,AMZN,3035.02,3114.0,3019.4828,3095.02,6590956
2020-11-10,GOOGL,1737.72,1759.38,1716.12,1729.77,2151058
2020-11-10,FB,272.43,274.0,264.0,273.1,29067691
2020-11-10,PFE,37.224,39.015,37.012,38.927,78961542
2020-11-10,BNTX,112.76,113.4,106.2,110.0,8029139
2020-11-10,MRNA,76.05,80.38,73.52,80.0,10499395
2020-11-09,AMZN,3143.74,3289.0,3112.1057,3231.03,7190406
2020-11-09,GOOGL,1761.42,1816.89,1757.545,1795.98,2672024
2020-11-09,FB,278.77,292.58,278.53,289.87,25117650
2020-11-09,PFE,37.724,40.409,36.936,40.284,226906239
2020-11-09,BNTX,104.8,115.0,98.51,114.02,14614871
2020-11-09,MRNA,77.74,80.25,75.42,77.75,20266813
2020-11-06,AMZN,3311.37,3322.0,3232.0,3304.64,4647330
2020-11-06,GOOGL,1759.73,1768.495,1736.68,1751.34,1431084
2020-11-06,FB,293.41,294.6,288.06,293.95,13890974
2020-11-06,PFE,35.03,35.338,34.732,35.02,23533860
2020-11-06,BNTX,92.0,92.2,90.33,92.0,861330
2020-11-06,MRNA,72.45,74.16,70.87,71.42,5841047
2020-11-05,AMZN,3322.0,3366.8,3288.88,3319.97,5789285
2020-11-05,GOOGL,1762.5,1791.818,1741.03,1770.45,1987907
2020-11-05,FB,294.68,297.38,288.95,291.8965,23823633
2020-11-05,PFE,35.02,35.896,35.02,35.846,33448260
2020-11-05,BNTX,92.0,92.84,89.67,91.33,1459849
2020-11-05,MRNA,71.48,71.59,70.16,71.09,4449850
2020-11-04,AMZN,3241.16,3244.85,3139.73,3159.99,6839041
2020-11-04,GOOGL,1745.85,1770.03,1703.0,1705.5803,3567149
2020-11-04,FB,287.38,288.94,278.62,281.0,35364424
2020-11-04,PFE,35.558,36.311,35.206,35.301,40708212
2020-11-04,BNTX,90.69,91.1294,86.51,86.51,1701506
2020-11-04,MRNA,69.81,71.55,68.9188,68.97,5442067
2020-11-03,AMZN,3048.41,3074.9,2980.98,3018.53,4897880
2020-11-03,GOOGL,1645.66,1659.0,1612.108,1630.76,1571641
2020-11-03,FB,265.3,270.05,260.88,263.16,17961859
2020-11-03,PFE,34.472,34.882,34.368,34.701,21550657
2020-11-03,BNTX,87.22,88.2,84.85,84.91,1082581
2020-11-03,MRNA,69.08,69.25,66.59,66.75,4366928
2020-11-02,AMZN,3004.48,3079.705,2950.12,3061.74,7257350
2020-11-02,GOOGL,1624.32,1658.24,1614.24,1623.54,2211449
2020-11-02,FB,261.36,270.47,257.34,264.6,27165679
2020-11-02,PFE,34.511,34.531,33.853,34.225,21345516
2020-11-02,BNTX,87.1,88.0,83.18,87.9044,2139891
2020-11-02,MRNA,67.11,68.6,66.55,68.02,4650268
2020-10-30,AMZN,3036.15,3167.004,3019.0,3157.75,8396081
2020-10-30,GOOGL,1616.11,1681.315,1601.57,1667.44,4996197
2020-10-30,FB,263.11,276.7,259.1,274.5,47299002
2020-10-30,PFE,33.796,33.849,33.187,33.567,25546983
2020-10-30,BNTX,85.36,88.5,83.05,87.01,2258283
2020-10-30,MRNA,67.47,71.49,66.85,70.8,7085797
2020-10-29,AMZN,3211.01,3257.25,3164.0,3201.27,6596529
2020-10-29,GOOGL,1556.88,1588.735,1516.55,1517.02,2770343
2020-10-29,FB,280.83,283.6,273.78,276.55,32368118
2020-10-29,PFE,33.606,33.948,32.958,33.796,27435940
2020-10-29,BNTX,84.81,85.7701,79.22,81.49,2512014
2020-10-29,MRNA,71.28,74.539,66.23,68.35,13776433
2020-10-28,AMZN,3162.78,3264.02,3162.47,3249.3,5588330
2020-10-28,GOOGL,1510.8,1553.81,1508.48,1550.01,2258675
2020-10-28,FB,267.67,278.79,267.26,278.79,23121808
2020-10-28,PFE,33.767,35.368,33.645,35.053,33723025
2020-10-28,BNTX,77.54,80.74,75.345,79.89,2566120
2020-10-28,MRNA,65.74,69.47,65.4899,68.95,6043991
2020-10-27,AMZN,3286.33,3291.66,3211.3,3224.94,4291047
2020-10-27,GOOGL,1598.88,1602.0,1576.99,1588.9319,1295138
2020-10-27,FB,283.29,284.51,276.31,278.76,16287249
2020-10-27,PFE,35.653,36.311,35.121,35.282,36705190
2020-10-27,BNTX,83.95,84.055,80.5102,83.0,2222134
2020-10-27,MRNA,70.67,71.35,68.81,70.45,3812879
2020-10-26,AMZN,3207.04,3282.9799,3153.3,3198.74,5901151
2020-10-26,GOOGL,1584.29,1629.58,1567.78,1615.0,1791317
2020-10-26,FB,277.11,285.23,274.26,283.16,21322925
2020-10-26,PFE,36.121,36.216,35.702,36.073,33648945
2020-10-26,BNTX,82.93,89.84,80.35,88.22,2879921
2020-10-26,MRNA,70.24,71.32,68.7,70.36,3872799
2020-10-23,AMZN,3204.4,3205.33,3140.0,3191.0,3466687
2020-10-23,GOOGL,1632.98,1634.12,1611.91,1615.05,1527402
2020-10-23,FB,284.79,285.24,276.82,278.8024,17535155
2020-10-23,PFE,36.368,36.468,35.86,36.131,30436539
2020-10-23,BNTX,88.69,89.99,87.06,89.6045,2079717
2020-10-23,MRNA,70.53,72.3997,68.8,72.3,3735087
2020-10-22,AMZN,3176.4,3198.75,3121.94,3189.87,4212005
2020-10-22,GOOGL,1606.66,1613.42,1577.48,1585.0,1525773
2020-10-22,FB,278.12,282.45,275.04,279.87,16720026
2020-10-22,PFE,35.653,35.788,35.273,35.321,19167201
2020-10-22,BNTX,86.36,90.12,85.4171,88.99,2205906
2020-10-22,MRNA,70.84,72.53,68.4,68.5035,5212065
2020-10-21,AMZN,3184.94,3233.875,3160.0,3212.5,4592736
2020-10-21,GOOGL,1585.99,1615.14,1567.135,1569.85,3016053
2020-10-21,FB,278.73,283.05,276.37,279.56,28998638
2020-10-21,PFE,35.321,35.673,35.301,35.583,18909504
2020-10-21,BNTX,87.72,92.94,85.67,92.75,3384553
2020-10-21,MRNA,68.37,71.5784,68.06,71.57,4614813
2020-10-20,AMZN,3217.01,3266.0,3192.01,3222.28,4509678
2020-10-20,GOOGL,1551.08,1573.84,1520.5,1523.11,2085915
2020-10-20,FB,267.56,269.7,262.88,263.06,18763246
2020-10-20,PFE,35.712,36.091,35.578,36.073,22295952
2020-10-20,BNTX,94.35,96.1167,91.6107,93.92,1872146
2020-10-20,MRNA,71.25,73.1,70.65,72.07,5441299
2020-10-19,AMZN,3207.21,3329.0,3192.735,3299.61,5223626
2020-10-19,GOOGL,1529.95,1583.925,1522.92,1575.93,1486652
2020-10-19,FB,261.4,268.55,259.88,265.53,13586955
2020-10-19,PFE,36.006,37.004,35.853,36.598,31804492
2020-10-19,BNTX,93.92,97.29,92.24,96.23,2800200
2020-10-19,MRNA,70.96,74.09,70.5,73.97,6931283
2020-10-16,AMZN,3272.71,3399.6606,3160.0,3363.23,6474353
2020-10-16,GOOGL,1567.7,1577.71,1557.66,1561.83,1710325
2020-10-16,FB,265.93,271.37,265.3,267.375,16622702
2020-10-16,PFE,36.15,36.311,35.263,35.311,42822711
2020-10-16,BNTX,94.09,94.15,91.55,93.6,2792475
2020-10-16,MRNA,73.94,76.93,73.665,76.06,4693584
2020-10-15,AMZN,3338.65,3355.88,3280.0,3292.01,5223448
2020-10-15,GOOGL,1555.47,1571.395,1541.1301,1544.5,1561485
2020-10-15,FB,266.72,269.04,263.67,267.6,15416064
2020-10-15,PFE,34.816,34.997,34.682,34.892,16033287
2020-10-15,BNTX,90.38,90.419,85.5,85.65,2033226
2020-10-15,MRNA,75.58,76.49,73.7101,75.48,5014595
2020-10-14,AMZN,3363.71,3464.88,3340.0,3447.0,5828916
2020-10-14,GOOGL,1563.44,1583.85,1545.895,1573.31,1659228
2020-10-14,FB,271.82,278.75,271.5,277.62,15601154
2020-10-14,PFE,35.111,35.53,34.835,35.254,22036772
2020-10-14,BNTX,86.86,95.44,85.05,95.419,4198008
2020-10-14,MRNA,76.56,80.01,76.3252,80.01,6643833
2020-10-13,AMZN,3443.63,3492.38,3424.217,3467.99,5744697
2020-10-13,GOOGL,1567.07,1585.16,1558.63,1577.01,1953609
2020-10-13,FB,276.14,279.1,273.39,277.58,18063343
2020-10-13,PFE,35.148,35.364,34.892,34.93,21457627
2020-10-13,BNTX,93.0,94.0162,89.56,90.08,2527487
2020-10-13,MRNA,78.29,81.37,75.52,75.93,13669187
2020-10-12,AMZN,3442.93,3496.24,3339.55,3349.94,8364198
2020-10-12,GOOGL,1564.59,1588.42,1529.3,1538.0,2767164
2020-10-12,FB,275.75,280.18,267.87,270.2,31019256
2020-10-12,PFE,35.073,35.416,34.736,34.958,19336764
2020-10-12,BNTX,88.74,91.9,87.6,91.0,2573113
2020-10-12,MRNA,75.31,75.8514,72.92,73.61,7590764
2020-10-09,AMZN,3286.65,3288.99,3197.83,3210.0,4907871
2020-10-09,GOOGL,1510.45,1511.85,1487.0,1492.86,1648340
2020-10-09,FB,264.45,264.75,262.17,264.52,14107803
2020-10-09,PFE,35.044,35.357,34.854,35.082,23573437
2020-10-09,BNTX,89.04,90.0,87.5,88.98,1462528
2020-10-09,MRNA,73.0,73.67,72.39,73.42,4774015
2020-10-08,AMZN,3190.55,3233.2944,3174.99,3224.99,3174114
2020-10-08,GOOGL,1483.43,1488.0275,1465.45,1465.45,1303802
2020-10-08,FB,263.76,264.62,259.1488,259.75,16312762
2020-10-08,PFE,35.14,35.416,34.777,34.862,17786504
2020-10-08,BNTX,87.95,89.43,85.6,85.83,1826000
2020-10-08,MRNA,72.93,73.76,72.01,73.5,4023816
2020-10-07,AMZN,3195.69,3200.0,3132.385,3135.0,4309439
2020-10-07,GOOGL,1459.14,1468.97,1433.23,1459.31,1805448
2020-10-07,FB,258.12,260.18,254.82,259.21,23133417
2020-10-07,PFE,34.741,34.854,34.32,34.54,22072024
2020-10-07,BNTX,86.23,86.44,80.7,83.32,2354681
2020-10-07,MRNA,72.37,73.24,70.959,71.23,4190611
2020-10-06,AMZN,3099.96,3182.0,3090.0,3165.0,5086857
2020-10-06,GOOGL,1451.02,1484.52,1445.01,1475.5,1304752
2020-10-06,FB,258.66,265.69,258.24,261.78,18696917
2020-10-06,PFE,34.454,35.273,34.378,35.245,25133202
2020-10-06,BNTX,85.59,88.3,83.52,86.84,5702111
2020-10-06,MRNA,71.04,73.92,70.31,72.0,7285512
2020-10-05,AMZN,3199.2,3202.53,3140.85,3145.84,3775332
2020-10-05,GOOGL,1482.83,1484.7,1460.09,1462.65,1080058
2020-10-05,FB,264.65,264.865,260.8401,262.2,12822252
2020-10-05,PFE,35.007,35.131,34.616,34.797,19322980
2020-10-05,BNTX,80.7,81.56,75.65,75.7,3750552
2020-10-05,MRNA,71.95,72.02,69.05,69.64,6518121
2020-10-02,AMZN,3125.0,3195.7965,3123.0,3153.63,5613098
2020-10-02,GOOGL,1455.6,1479.03,1447.35,1459.63,1561132
2020-10-02,FB,259.94,265.15,259.18,261.21,16367597
2020-10-02,PFE,34.653,34.92,34.32,34.348,21376479
2020-10-02,BNTX,73.7,75.0,71.16,71.85,2327847
2020-10-02,MRNA,68.81,72.77,67.25,67.9,8004919
2020-10-01,AMZN,3221.26,3224.0,3172.0,3208.0,4971922
2020-10-01,GOOGL,1487.9,1495.07,1476.8,1483.6608,1644221
2020-10-01,FB,266.63,268.33,264.8,265.35,20009801
2020-10-01,PFE,34.645,35.33,34.447,35.158,22430908
2020-10-01,BNTX,72.71,72.87,69.31,70.0,2371702
2020-10-01,MRNA,70.03,70.2,68.16,69.57,6838969
2020-09-30,AMZN,3148.73,3212.88,3133.99,3141.14,4896101
2020-09-30,GOOGL,1465.6,1486.1975,1455.755,1460.935,2046170
2020-09-30,FB,261.9,266.085,260.1,261.98,20142546
2020-09-30,PFE,34.958,35.205,34.531,34.549,22539405
2020-09-30,BNTX,69.23,69.47,67.0984,67.4,1746815
2020-09-30,MRNA,70.75,75.39,70.16,72.51,15690706
2020-09-29,AMZN,3144.88,3188.26,3132.54,3175.39,3503398
2020-09-29,GOOGL,1466.02,1472.0,1454.0,1463.91,1591112
2020-09-29,FB,261.79,263.33,256.9,257.81,20215504
2020-09-29,PFE,34.454,34.806,34.325,34.701,13477097
2020-09-29,BNTX,66.86,67.1087,65.76,66.6,854092
2020-09-29,MRNA,70.52,71.34,69.5851,70.46,6294318
2020-09-28,AMZN,3174.05,3175.04,3117.1684,3148.85,4224165
2020-09-28,GOOGL,1458.66,1472.99,1446.28,1471.99,1539236
2020-09-28,FB,256.82,259.6,254.8208,259.4,18826254
2020-09-28,PFE,34.663,34.84,34.445,34.445,14984531
2020-09-28,BNTX,66.5,67.8,65.72,66.99,1750004
2020-09-28,MRNA,70.55,71.5,69.1,69.59,7337397
2020-09-25,AMZN,3095.13,3101.54,2999.0,3054.86,4615202
2020-09-25,GOOGL,1439.06,1445.94,1407.68,1425.05,1516677
2020-09-25,FB,254.82,255.75,246.61,249.4,18351311
2020-09-25,PFE,34.34,34.435,33.835,33.853,14308568
2020-09-25,BNTX,66.69,66.8711,61.27,61.27,1670486
2020-09-25,MRNA,69.47,69.73,65.67,65.8865,9190629
2020-09-24,AMZN,3019.79,3069.3,2965.0,2977.79,5529392
2020-09-24,GOOGL,1422.86,1437.99,1402.15,1402.68,1727611
2020-09-24,FB,249.53,252.24,245.62,246.5,20006750
2020-09-24,PFE,34.063,34.33,33.853,34.244,20777028
2020-09-24,BNTX,62.83,63.93,58.81,62.62,2863427
2020-09-24,MRNA,65.17,66.77,63.64,65.5,5565191
2020-09-23,AMZN,2999.86,3126.999,2992.3759,3120.43,5652665
2020-09-23,GOOGL,1409.39,1453.08,1402.68,1452.09,1886299
2020-09-23,FB,249.02,257.9921,248.15,255.26,19641266
2020-09-23,PFE,34.293,34.651,34.258,34.616,23010743
2020-09-23,BNTX,63.83,67.28,63.6861,67.25,1677999
2020-09-23,MRNA,67.16,68.62,65.77,67.865,6919352
2020-09-22,AMZN,3128.99,3133.99,3000.2,3033.835,6948816
2020-09-22,GOOGL,1459.82,1463.97,1429.495,1450.32,1697542
2020-09-22,FB,254.75,255.32,248.22,253.31,30293103
2020-09-22,PFE,34.531,34.606,34.044,34.111,22636986
2020-09-22,BNTX,67.05,67.7573,63.61,65.38,1572284
2020-09-22,MRNA,68.72,69.19,66.67,67.5,6303612
2020-09-21,AMZN,2960.47,2962.0,2871.0,2906.5,6117925
2020-09-21,GOOGL,1430.14,1440.06,1402.68,1431.62,2845405
2020-09-21,FB,248.15,249.95,244.13,247.54,24709378
2020-09-21,PFE,34.311,34.749,33.696,34.645,26503236
2020-09-21,BNTX,66.12,66.2,62.3,65.56,2118737
2020-09-21,MRNA,69.26,69.48,65.46,68.6,8223034
2020-09-18,AMZN,2954.91,3037.8,2905.54,3031.74,8892580
2020-09-18,GOOGL,1451.09,1495.2,1431.62,1488.3,3152788
2020-09-18,FB,252.53,259.2,250.05,258.405,28130767
2020-09-18,PFE,34.892,35.311,34.835,35.035,31568765
2020-09-18,BNTX,67.0,68.44,65.17,68.01,2608880
2020-09-18,MRNA,69.87,70.0,66.1,68.28,13206193
2020-09-17,AMZN,3008.73,3029.432,2972.55,3009.25,6449050
2020-09-17,GOOGL,1487.04,1498.66,1462.46,1485.81,2000356
2020-09-17,FB,254.82,261.5,250.19,258.28,31281441
2020-09-17,PFE,35.073,35.216,34.816,35.035,17823322
2020-09-17,BNTX,66.78,68.71,65.15,66.82,2860010
2020-09-17,MRNA,67.89,70.9,64.6,68.5,13275199
2020-09-16,AMZN,3078.1,3187.238,3074.15,3179.99,4531189
2020-09-16,GOOGL,1512.09,1554.37,1511.59,1542.48,1107169
2020-09-16,FB,263.52,272.44,261.79,267.29,29207594
2020-09-16,PFE,35.035,35.54,34.977,35.512,22157318
2020-09-16,BNTX,66.04,67.29,65.4078,65.51,2237787
2020-09-16,MRNA,68.84,70.04,66.73,67.64,11398006
2020-09-15,AMZN,3156.13,3175.02,3108.92,3136.16,4021535
2020-09-15,GOOGL,1535.12,1550.99,1522.1,1527.89,1152055
2020-09-15,FB,272.42,274.52,269.3,270.67,18478530
2020-09-15,PFE,35.206,35.578,35.063,35.425,21916363
2020-09-15,BNTX,66.92,70.0,66.15,70.0,3168285
2020-09-15,MRNA,66.88,68.41,64.2293,65.0274,9101184
2020-09-14,AMZN,3102.97,3187.39,3096.0,3172.9372,4529596
2020-09-14,GOOGL,1508.83,1557.0,1505.11,1531.6471,2133007
2020-09-14,FB,266.15,276.64,265.7,270.95,24093830
2020-09-14,PFE,35.254,35.756,34.559,34.636,29448152
2020-09-14,BNTX,67.48,69.65,66.77,67.5,3373555
2020-09-14,MRNA,63.67,63.85,60.115,60.15,8930779
2020-09-11,AMZN,3116.22,3217.3409,3083.98,3208.69,5093982
2020-09-11,GOOGL,1515.76,1538.695,1493.02,1528.15,1535337
2020-09-11,FB,266.61,271.39,262.64,270.06,18913883
2020-09-11,PFE,34.358,34.396,33.767,34.044,24013513
2020-09-11,BNTX,65.13,65.28,61.05,61.4521,2515244
2020-09-11,MRNA,59.34,59.51,57.45,58.49,4821869
2020-09-10,AMZN,3175.11,3349.89,3170.55,3307.2188,5330741
2020-09-10,GOOGL,1526.05,1573.66,1520.0,1550.18,1651194
2020-09-10,FB,268.09,279.16,267.0319,275.51,24814669
2020-09-10,PFE,33.958,34.596,33.894,34.482,21564705
2020-09-10,BNTX,61.2,62.28,60.5,62.0,1751775
2020-09-10,MRNA,57.56,60.32,56.87,57.0408,7985321
2020-09-09,AMZN,3268.61,3303.175,3185.0,3202.99,5188675
2020-09-09,GOOGL,1547.23,1558.72,1525.17,1548.9,1962078
2020-09-09,FB,273.72,278.48,271.35,275.77,22918769
2020-09-09,PFE,34.463,34.912,34.425,34.568,27381359
2020-09-09,BNTX,62.32,63.38,60.6,63.0,3406940
2020-09-09,MRNA,56.9,57.19,54.51,56.03,9355441
2020-09-08,AMZN,3149.84,3250.845,3130.0,3144.0,6094205
2020-09-08,GOOGL,1523.6,1555.55,1516.5,1525.0,2701586
2020-09-08,FB,271.16,279.3,269.42,271.28,24863997
2020-09-08,PFE,34.225,34.872,33.987,34.797,26630572
2020-09-08,BNTX,59.83,61.0,58.69,60.16,2887809
2020-09-08,MRNA,54.34,58.6,54.21,57.75,17706208
2020-09-04,AMZN,3294.62,3381.5,3111.13,3318.0,8781754
2020-09-04,GOOGL,1581.21,1634.99,1537.9701,1609.0,2792533
2020-09-04,FB,282.73,289.0,271.14,287.25,30333671
2020-09-04,PFE,34.636,34.892,34.168,34.758,26765506
2020-09-04,BNTX,58.57,59.96,54.1,59.28,1985494
2020-09-04,MRNA,62.6,65.0,59.01,64.99,11653287
2020-09-03,AMZN,3368.0,3488.41,3303.0,3485.0,8161113
2020-09-03,GOOGL,1629.51,1700.0,1607.71,1699.52,3186287
2020-09-03,FB,291.12,297.6,283.63,295.99,32294092
2020-09-03,PFE,34.672,35.712,34.387,35.598,35813956
2020-09-03,BNTX,59.28,63.67,57.1,63.45,2585983
2020-09-03,MRNA,64.84,69.35,64.3,65.65,14307317
2020-09-02,AMZN,3531.45,3552.25,3486.685,3547.0,3931476
2020-09-02,GOOGL,1717.39,1726.1022,1660.19,1668.01,2476072
2020-09-02,FB,302.5,303.6,293.05,298.88,24341369
2020-09-02,PFE,35.435,35.53,34.672,35.026,28953272
2020-09-02,BNTX,61.99,63.29,54.96,56.01,3892797
2020-09-02,MRNA,64.72,64.89,61.3805,62.84,9874614
2020-09-01,AMZN,3499.12,3513.87,3467.0,3489.58,3476407
2020-09-01,GOOGL,1655.08,1659.22,1629.53,1632.16,1133766
2020-09-01,FB,295.44,301.49,292.71,294.71,17320872
2020-09-01,PFE,35.131,36.026,34.777,35.996,36017798
2020-09-01,BNTX,57.81,60.53,56.66,58.71,3575538
2020-09-01,MRNA,63.32,64.5,62.5,63.54,8200671
2020-08-31,AMZN,3450.96,3495.0,3405.0,3408.99,4185885
2020-08-31,GOOGL,1629.53,1644.5,1625.33,1643.57,1321097
2020-08-31,FB,293.2,296.88,291.55,293.95,17345134
2020-08-31,PFE,35.996,36.216,35.721,36.045,29913176
2020-08-31,BNTX,61.25,63.18,60.34,62.82,2217166
2020-08-31,MRNA,64.89,67.2,62.54,67.14,15271802
2020-08-28,AMZN,3401.8,3433.3699,3386.5,3423.0,2896978
2020-08-28,GOOGL,1639.43,1641.35,1625.605,1629.47,1121195
2020-08-28,FB,293.66,297.23,290.98,295.0,17172415
2020-08-28,PFE,36.111,36.255,35.626,36.073,32700121
2020-08-28,BNTX,64.0,65.5,63.32,65.04,1764738
2020-08-28,MRNA,67.49,68.95,67.15,68.04,6383705
2020-08-27,AMZN,3400.0,3453.0,3378.0,3450.05,4264795
2020-08-27,GOOGL,1628.52,1647.99,1618.8137,1646.61,1567503
2020-08-27,FB,293.22,301.23,292.02,300.16,30301309
2020-08-27,PFE,36.063,36.196,35.892,36.16,22068584
2020-08-27,BNTX,65.59,68.69,64.7901,68.2,1980527
2020-08-27,MRNA,68.03,70.32,67.01,69.98,9262562
2020-08-26,AMZN,3441.85,3451.7387,3344.5675,3351.11,6508743
2020-08-26,GOOGL,1644.13,1652.79,1600.9754,1606.3,2609363
2020-08-26,FB,303.91,304.67,284.0,284.0,69015151
2020-08-26,PFE,36.245,36.453,35.873,36.378,23988020
2020-08-26,BNTX,67.9,70.0,67.05,70.0,1711437
2020-08-26,MRNA,70.5,71.64,66.03,67.62,28768082
2020-08-25,AMZN,3346.49,3357.4,3267.0,3294.99,3992842
2020-08-25,GOOGL,1605.85,1608.88,1577.88,1580.1,1257463
2020-08-25,FB,280.82,283.09,270.2601,272.41,42127240
2020-08-25,PFE,36.588,36.73,36.15,36.683,26117063
2020-08-25,BNTX,70.49,70.5,68.21,70.07,1576204
2020-08-25,MRNA,66.25,66.696,63.55,64.32,7798501
2020-08-24,AMZN,3307.46,3380.315,3257.5608,3310.15,4666258
2020-08-24,GOOGL,1585.15,1608.78,1575.04,1592.47,1281893
2020-08-24,FB,271.39,277.2478,268.7701,271.07,23685603
2020-08-24,PFE,36.997,37.188,36.712,37.168,24912589
2020-08-24,BNTX,70.85,77.4,69.75,76.99,3393879
2020-08-24,MRNA,64.88,67.85,62.88,67.15,13143244
2020-08-21,AMZN,3284.72,3314.3962,3275.39,3295.0,3575862
2020-08-21,GOOGL,1575.57,1591.88,1562.31,1571.8,1742275
2020-08-21,FB,267.01,270.49,266.42,268.69,15538615
2020-08-21,PFE,37.036,37.15,36.74,37.064,25365998
2020-08-21,BNTX,73.02,76.28,70.34,71.77,6290399
2020-08-21,MRNA,66.45,68.02,65.6,67.5,6935608
2020-08-20,AMZN,3297.37,3312.62,3238.0,3252.0,3332478
2020-08-20,GOOGL,1576.25,1580.17,1534.46,1539.97,1319131
2020-08-20,FB,269.01,269.63,261.46,261.5,20299688
2020-08-20,PFE,36.883,36.949,36.321,36.368,21870289
2020-08-20,BNTX,66.27,70.29,64.08,66.0765,2932615
2020-08-20,MRNA,67.81,68.0,66.63,67.79,6346700
2020-08-19,AMZN,3260.48,3315.9,3256.0001,3303.01,4185137
2020-08-19,GOOGL,1544.61,1568.86,1540.0,1552.49,1523592
2020-08-19,FB,262.59,267.908,261.35,261.388,23291463
2020-08-19,PFE,36.444,36.774,36.311,36.653,15627714
2020-08-19,BNTX,65.6,67.48,65.01,67.42,2326648
2020-08-19,MRNA,68.0,69.17,66.6,66.74,8558809
2020-08-18,AMZN,3312.49,3320.0,3205.8187,3212.0,5345974
2020-08-18,GOOGL,1555.78,1557.37,1521.665,1526.12,1418850
2020-08-18,FB,262.34,265.15,259.26,260.95,18690383
2020-08-18,PFE,36.54,36.634,36.358,36.626,10803338
2020-08-18,BNTX,67.88,70.35,67.06,69.69,1905103
2020-08-18,MRNA,67.03,69.7,65.23,68.28,11329150
2020-08-17,AMZN,3182.41,3194.97,3154.1775,3173.12,2691237
2020-08-17,GOOGL,1516.24,1523.78,1505.0,1515.97,999934
2020-08-17,FB,261.16,264.0973,259.4,262.5,13351062
2020-08-17,PFE,36.53,36.588,36.145,36.236,17424751
2020-08-17,BNTX,70.26,71.3558,68.81,69.09,1947963
2020-08-17,MRNA,69.76,70.78,68.38,69.14,8749112
2020-08-14,AMZN,3148.02,3178.2357,3120.0,3178.18,2751723
2020-08-14,GOOGL,1504.63,1519.785,1499.0,1513.61,1097059
2020-08-14,FB,261.24,262.65,258.6801,262.305,14792708
2020-08-14,PFE,36.255,36.568,36.131,36.206,12850011
2020-08-14,BNTX,68.64,70.98,68.02,70.93,1862379
2020-08-14,MRNA,69.15,70.36,67.86,68.06,12799582
2020-08-13,AMZN,3161.02,3217.5211,3155.0,3182.99,3149043
2020-08-13,GOOGL,1516.65,1536.9744,1508.21,1508.21,1119711
2020-08-13,FB,261.3,265.16,259.57,261.55,17373970
2020-08-13,PFE,36.358,36.368,36.082,36.263,15279043
2020-08-13,BNTX,71.0,71.53,67.3038,68.25,2390942
2020-08-13,MRNA,67.83,69.18,67.05,69.09,15055934
2020-08-12,AMZN,3162.24,3174.385,3101.42,3108.0,3527229
2020-08-12,GOOGL,1507.24,1511.67,1485.0,1487.1245,1126560
2020-08-12,FB,259.89,263.8973,258.1125,258.97,21428329
2020-08-12,PFE,36.512,36.721,36.016,36.036,19886527
2020-08-12,BNTX,69.11,71.16,66.12,70.89,3253597
2020-08-12,MRNA,69.52,75.75,68.3,75.67,50471491
2020-08-11,AMZN,3080.67,3159.22,3073.0,3113.2,3718057
2020-08-11,GOOGL,1480.54,1510.44,1478.19,1494.0,1554853
2020-08-11,FB,256.13,265.915,255.13,260.185,28238283
2020-08-11,PFE,35.996,36.748,35.887,36.73,21242184
2020-08-11,BNTX,68.45,72.88,66.51,69.0,4032231
2020-08-11,MRNA,68.97,71.4,67.0,69.52,18118727
2020-08-10,AMZN,3148.16,3172.51,3101.52,3170.31,3167274
2020-08-10,GOOGL,1496.82,1507.15,1477.4901,1490.8,1027329
2020-08-10,FB,263.0,273.86,259.69,268.04,30248826
2020-08-10,PFE,36.568,36.826,36.444,36.721,19885292
2020-08-10,BNTX,73.95,77.2775,70.9,77.0,2830610
2020-08-10,MRNA,72.01,75.0,71.41,74.27,8678274
2020-08-07,AMZN,3167.46,3240.81,3140.6726,3224.01,3936127
2020-08-07,GOOGL,1498.37,1520.09,1486.27,1509.04,1386294
2020-08-07,FB,268.44,278.89,263.43,264.08,72766364
2020-08-07,PFE,36.626,36.783,36.35,36.483,23005512
2020-08-07,BNTX,77.0,78.54,74.03,77.09,3038220
2020-08-07,MRNA,74.1,75.39,73.01,74.38,8771437
2020-08-06,AMZN,3225.0,3247.47,3165.43,3194.36,3940602
2020-08-06,GOOGL,1504.95,1506.27,1471.9,1476.15,1665261
2020-08-06,FB,265.28,266.6,248.665,249.04,45241611
2020-08-06,PFE,36.453,37.245,36.341,36.931,20838963
2020-08-06,BNTX,77.08,80.26,76.58,79.29,3175182
2020-08-06,MRNA,73.76,76.25,73.12,75.79,11691503
2020-08-05,AMZN,3205.03,3213.5859,3127.3,3143.77,3930025
2020-08-05,GOOGL,1479.09,1490.0,1471.215,1476.82,1457518
2020-08-05,FB,249.12,252.2698,247.77,250.19,13088361
2020-08-05,PFE,36.626,36.703,36.321,36.643,24507094
2020-08-05,BNTX,81.3,83.2,76.845,82.82,4085523
2020-08-05,MRNA,75.8,77.49,73.69,77.49,19859902
2020-08-04,AMZN,3138.83,3167.24,3101.21,3101.21,4694294
2020-08-04,GOOGL,1473.3,1493.11,1464.03,1486.71,1860609
2020-08-04,FB,249.83,252.8,247.43,251.56,17183533
2020-08-04,PFE,36.568,36.844,36.283,36.493,29331592
2020-08-04,BNTX,83.17,84.5,81.08,84.44,2410338
2020-08-04,MRNA,78.46,78.62,75.5,78.192,10126500
2020-08-03,AMZN,3111.89,3184.0,3104.0,3180.51,5074663
2020-08-03,GOOGL,1482.76,1497.73,1471.72,1491.0,2276085
2020-08-03,FB,251.96,255.4,250.33,252.65,23134103
2020-08-03,PFE,36.53,36.826,36.401,36.778,30913166
2020-08-03,BNTX,85.47,85.48,81.84,82.99,2434416
2020-08-03,MRNA,77.98,77.99,73.03,74.98,13382327
2020-07-31,AMZN,3164.68,3246.82,3151.0,3244.0,8083369
2020-07-31,GOOGL,1487.95,1505.02,1454.0,1497.05,4576382
2020-07-31,FB,253.67,255.85,249.0,255.82,53030037
2020-07-31,PFE,36.653,36.912,36.063,36.835,28389788
2020-07-31,BNTX,82.11,86.95,80.85,86.0,2642973
2020-07-31,MRNA,74.1,78.44,73.6038,78.2,14223411
2020-07-30,AMZN,3051.88,3092.0,3005.0,3014.0,6128265
2020-07-30,GOOGL,1538.37,1540.89,1495.17,1497.97,1802121
2020-07-30,FB,234.5,234.893,229.0,230.22,20615306
2020-07-30,PFE,36.902,37.092,36.389,36.463,32145653
2020-07-30,BNTX,84.16,84.88,78.0,79.05,3302751
2020-07-30,MRNA,77.63,79.25,76.8,78.0,13101985
2020-07-29,AMZN,3033.53,3039.1592,2996.77,3030.99,2974060
2020-07-29,GOOGL,1523.51,1533.33,1503.01,1505.0,1133773
2020-07-29,FB,233.29,233.7,230.31,231.14,13588317
2020-07-29,PFE,37.036,37.214,36.271,37.073,37247094
2020-07-29,BNTX,82.5,86.79,80.02,85.54,3846336
2020-07-29,MRNA,79.51,82.82,76.5502,81.98,24453924
2020-07-28,AMZN,3000.33,3077.0926,2995.76,3054.27,3126651
2020-07-28,GOOGL,1503.65,1526.01,1500.52,1525.0,1545534
2020-07-28,FB,230.12,234.96,229.83,234.63,14170112
2020-07-28,PFE,36.809,37.105,35.904,36.355,56718903
2020-07-28,BNTX,85.38,90.4,84.1,89.0,5108614
2020-07-28,MRNA,81.49,83.85,79.5,81.0,32946885
2020-07-27,AMZN,3055.21,3098.0,3015.77,3062.0,4170492
2020-07-27,GOOGL,1529.43,1537.56,1512.33,1513.26,1356185
2020-07-27,FB,233.5,234.95,230.83,231.46,13163083
2020-07-27,PFE,35.413,35.611,35.121,35.243,27799624
2020-07-27,BNTX,86.53,88.2,81.7744,87.44,5129152
2020-07-27,MRNA,79.91,80.98,76.16,80.63,44710713
2020-07-24,AMZN,3008.91,3031.58,2888.0,2930.0,5632413
2020-07-24,GOOGL,1508.21,1515.4273,1487.59,1499.19,1495381
2020-07-24,FB,230.71,233.49,226.9,230.19,18325813
2020-07-24,PFE,35.525,35.988,35.21,35.875,34065684
2020-07-24,BNTX,84.17,86.7,80.34,86.3,7109730
2020-07-24,MRNA,73.21,73.9,66.54,69.05,27797477
2020-07-23,AMZN,2986.55,3098.2713,2970.0,3098.2713,5656906
2020-07-23,GOOGL,1516.75,1570.35,1508.59,1565.93,1695498
2020-07-23,FB,232.6,242.42,231.75,239.63,21771802
2020-07-23,PFE,36.234,37.186,36.016,37.007,59983281
2020-07-23,BNTX,88.51,101.15,87.0,97.5135,15899745
2020-07-23,MRNA,75.33,82.68,72.2,82.05,29288088
2020-07-22,AMZN,3099.91,3149.9999,3065.26,3125.0,4104225
2020-07-22,GOOGL,1564.85,1566.98,1543.23,1555.71,1224100
2020-07-22,FB,239.87,241.9,238.12,240.26,15427885
2020-07-22,PFE,36.375,36.535,35.394,36.063,91228268
2020-07-22,BNTX,104.17,104.99,93.65,99.19,13817768
2020-07-22,MRNA,83.225,84.12,79.11,79.61,27274018
2020-07-21,AMZN,3138.29,3240.5758,3105.72,3232.49,6134965
2020-07-21,GOOGL,1555.92,1587.05,1552.62,1585.03,1377718
2020-07-21,FB,241.75,246.91,240.08,246.22,19409687
2020-07-21,PFE,34.611,34.977,34.451,34.846,23783228
2020-07-21,BNTX,91.6,97.82,90.05,92.0,6034451
2020-07-21,MRNA,80.86,82.43,79.07,80.91,26185580
2020-07-20,AMZN,3196.84,3201.3599,2994.0172,3000.2,7598176
2020-07-20,GOOGL,1563.84,1569.01,1502.6961,1515.0,1508277
2020-07-20,FB,245.42,246.05,235.635,240.06,20872223
2020-07-20,PFE,34.432,35.488,34.261,35.366,37027826
2020-07-20,BNTX,88.2,96.0899,85.77,91.7465,7790762
2020-07-20,MRNA,82.68,90.85,78.05,87.86,78391296
2020-07-17,AMZN,2961.97,3024.0,2948.45,3009.0,4761319
2020-07-17,GOOGL,1516.85,1523.43,1498.1,1516.91,1713231
2020-07-17,FB,242.03,244.16,237.86,241.0,18152413
2020-07-17,PFE,34.197,34.271,33.7,33.828,23501190
2020-07-17,BNTX,85.25,86.4,76.42,76.54,5053511
2020-07-17,MRNA,94.85,95.21,82.61,83.35,103509162
2020-07-16,AMZN,2999.9,3032.0,2918.23,2971.06,6394246
2020-07-16,GOOGL,1514.92,1515.91,1488.27,1501.5,1324227
2020-07-16,FB,240.93,241.76,236.3306,238.0,18880705
2020-07-16,PFE,33.581,33.621,33.257,33.581,18528005
2020-07-16,BNTX,75.87,80.5,74.56,80.5,2847924
2020-07-16,MRNA,81.81,84.2899,79.6,80.1598,27277409
2020-07-15,AMZN,3008.87,3098.35,2973.1801,3080.23,5788874
2020-07-15,GOOGL,1516.88,1536.33,1497.83,1523.23,1551325
2020-07-15,FB,240.28,244.82,238.05,241.55,19133562
2020-07-15,PFE,33.695,33.96,33.459,33.95,26446035
2020-07-15,BNTX,78.0,87.58,76.8,86.08,3908683
2020-07-15,MRNA,80.22,88.37,78.01,87.52,90756071
2020-07-14,AMZN,3084.0,3127.38,2950.0,3089.0,7231933
2020-07-14,GOOGL,1520.86,1522.8,1485.925,1492.79,1905400
2020-07-14,FB,239.73,240.33,232.03,236.76,23378056
2020-07-14,PFE,33.233,33.413,32.902,33.365,33043477
2020-07-14,BNTX,83.88,85.0,78.0,82.57,4748726
2020-07-14,MRNA,75.04,76.9486,70.6201,74.0,38708760
2020-07-13,AMZN,3104.0,3344.29,3068.3901,3251.06,7720420
2020-07-13,GOOGL,1512.23,1576.36,1506.56,1549.94,2147728
2020-07-13,FB,239.0,250.15,238.42,247.005,24674874
2020-07-13,PFE,33.215,33.695,32.563,32.762,56895129
2020-07-13,BNTX,77.78,84.89,75.75,78.47,8529557
2020-07-13,MRNA,71.78,77.7499,63.8,63.89,56617291
2020-07-10,AMZN,3200.0,3215.0,3135.7,3191.76,5485982
2020-07-10,GOOGL,1539.01,1541.34,1500.72,1513.25,1796063
2020-07-10,FB,245.07,245.49,239.32,243.685,22982716
2020-07-10,PFE,31.913,32.112,31.587,31.753,24600021
2020-07-10,BNTX,70.36,71.2899,67.0,67.0,2874259
2020-07-10,MRNA,62.61,64.93,62.32,64.65,7407545
2020-07-09,AMZN,3182.63,3193.8799,3074.0016,3115.99,6388659
2020-07-09,GOOGL,1518.66,1529.1412,1495.59,1509.93,2091833
2020-07-09,FB,244.5,246.525,239.24,245.0,22174896
2020-07-09,PFE,31.564,31.959,31.226,31.819,20481106
2020-07-09,BNTX,65.61,68.0,64.51,66.61,1186732
2020-07-09,MRNA,64.97,65.35,58.88,62.09,20646142
2020-07-08,AMZN,3081.11,3083.97,3012.4301,3022.61,5037635
2020-07-08,GOOGL,1503.6,1511.17,1492.3,1500.8,1588292
2020-07-08,FB,243.58,246.99,236.59,238.11,29791339
2020-07-08,PFE,31.838,32.422,31.668,32.082,24396371
2020-07-08,BNTX,67.56,68.58,66.46,67.21,1449603
2020-07-08,MRNA,61.58,62.46,59.45,60.79,7590861
2020-07-07,AMZN,3000.12,3069.55,2990.0,3058.55,5257514
2020-07-07,GOOGL,1489.92,1521.32,1489.7,1496.13,2118194
2020-07-07,FB,240.86,247.65,238.82,239.41,27887786
2020-07-07,PFE,32.102,32.405,32.031,32.121,25292915
2020-07-07,BNTX,69.34,70.89,63.51,64.0,2264397
2020-07-07,MRNA,61.09,61.5,57.44,58.8,8904341
2020-07-06,AMZN,3057.04,3059.88,2930.0,2934.97,6880642
2020-07-06,GOOGL,1499.65,1510.0,1476.976,1488.15,2235630
2020-07-06,FB,240.28,240.4,232.27,233.76,26206158
2020-07-06,PFE,32.554,33.006,32.431,32.97,27307457
2020-07-06,BNTX,65.51,66.9,64.33,65.59,1649445
2020-07-06,MRNA,59.15,60.73,57.1,58.55,9977316
2020-07-02,AMZN,2890.3,2955.56,2871.1021,2912.01,6593387
2020-07-02,GOOGL,1469.93,1488.52,1451.065,1451.84,2860915
2020-07-02,FB,233.42,240.0,232.61,239.0,30633620
2020-07-02,PFE,32.554,32.872,32.112,32.658,45531813
2020-07-02,BNTX,63.27,69.3899,62.73,68.245,3926512
2020-07-02,MRNA,58.57,61.8,55.8097,60.0,26544378
2020-07-01,AMZN,2878.7,2895.0,2754.0,2757.99,6363439
2020-07-01,GOOGL,1442.0,1448.48,1414.18,1419.17,2109124
2020-07-01,FB,237.55,239.0,227.56,228.5,43399739
2020-07-01,PFE,31.828,32.583,31.809,32.583,73926653
2020-07-01,BNTX,64.14,79.38,62.3,77.7,9879256
2020-07-01,MRNA,61.59,63.73,59.12,63.0,17916470
2020-06-30,AMZN,2758.82,2769.63,2675.03,2685.065,3769686
2020-06-30,GOOGL,1418.05,1424.0,1386.9301,1396.88,2014320
2020-06-30,FB,227.07,227.5,218.47,220.59,33927068
2020-06-30,PFE,30.846,31.018,30.403,30.687,25598396
2020-06-30,BNTX,66.74,68.25,62.2197,66.16,1979059
2020-06-30,MRNA,64.21,65.159,61.8,62.18,11955169
2020-06-29,AMZN,2680.38,2696.8,2630.08,2690.01,4223422
2020-06-29,GOOGL,1397.17,1398.0,1351.65,1360.34,2253678
2020-06-29,FB,220.64,220.75,207.11,209.75,58514281
2020-06-29,PFE,30.791,30.818,30.373,30.621,24094364
2020-06-29,BNTX,65.8,71.38,64.12,65.68,4011359
2020-06-29,MRNA,62.08,63.0,59.4,61.82,8074205
2020-06-26,AMZN,2692.87,2782.5688,2688.0,2775.056,6500784
2020-06-26,GOOGL,1362.54,1437.02,1355.0,1432.63,4882014
2020-06-26,FB,216.08,233.09,215.4,232.64,76343939
2020-06-26,PFE,30.225,30.452,29.819,30.423,42396971
2020-06-26,BNTX,62.13,63.37,56.5,56.63,2830723
2020-06-26,MRNA,61.28,62.29,59.14,60.71,13866283
2020-06-25,AMZN,2754.58,2756.23,2712.14,2739.55,2968657
2020-06-25,GOOGL,1441.1,1442.32,1419.5401,1431.22,1197907
2020-06-25,FB,235.68,237.3,232.74,234.62,18704339
2020-06-25,PFE,30.487,30.546,30.026,30.289,27576658
2020-06-25,BNTX,59.71,59.92,53.5201,54.51,2406358
2020-06-25,MRNA,62.0,67.0,58.51,67.0,26905664
2020-06-24,AMZN,2734.4,2796.0,2721.0,2780.0,4526605
2020-06-24,GOOGL,1432.7,1475.79,1430.0,1463.28,1579579
2020-06-24,FB,234.02,243.22,232.68,241.2,20834904
2020-06-24,PFE,30.364,30.875,30.185,30.856,30995287
2020-06-24,BNTX,54.73,55.35,51.8101,53.0,1344482
2020-06-24,MRNA,64.84,66.1559,63.14,63.23,14377115
2020-06-23,AMZN,2764.41,2783.11,2718.04,2726.02,4231707
2020-06-23,GOOGL,1463.98,1475.2,1445.0,1452.0,1887583
2020-06-23,FB,242.24,245.1853,239.86,241.28,24017915
2020-06-23,PFE,30.914,31.365,30.885,31.319,37907639
2020-06-23,BNTX,52.75,56.0,51.52,55.62,2142192
2020-06-23,MRNA,62.94,65.08,62.74,64.1,12361339
2020-06-22,AMZN,2713.82,2715.0,2669.0,2684.5,3208780
2020-06-22,GOOGL,1450.66,1450.95,1419.19,1425.01,1472072
2020-06-22,FB,239.22,240.7,236.91,238.56,18917782
2020-06-22,PFE,31.235,31.469,31.044,31.441,23466998
2020-06-22,BNTX,57.45,58.9,51.85,51.95,2678243
2020-06-22,MRNA,64.75,66.29,62.12,65.92,13586383
2020-06-19,AMZN,2675.01,2697.43,2659.0,2678.08,5776963
2020-06-19,GOOGL,1424.64,1444.5,1419.0,1440.0,2639167
2020-06-19,FB,238.79,240.83,235.55,237.79,30081291
2020-06-19,PFE,31.526,31.828,31.239,31.781,44180752
2020-06-19,BNTX,51.36,51.58,49.91,50.9,735797
2020-06-19,MRNA,66.35,66.45,64.01,64.99,16076734
2020-06-18,AMZN,2653.98,2659.64,2636.11,2647.01,2487774
2020-06-18,GOOGL,1434.12,1452.9699,1426.235,1449.85,1743071
2020-06-18,FB,235.94,236.14,232.15,234.99,15782452
2020-06-18,PFE,31.357,31.574,31.112,31.385,32464911
2020-06-18,BNTX,50.94,51.59,49.83,49.86,691521
2020-06-18,MRNA,64.95,65.4,62.58,63.03,10914379
2020-06-17,AMZN,2640.98,2655.0,2631.82,2647.5,2959316
2020-06-17,GOOGL,1452.54,1462.2,1435.125,1452.94,1530500
2020-06-17,FB,235.53,237.59,231.7268,235.0,19578125
2020-06-17,PFE,31.658,31.852,31.428,31.686,27668336
2020-06-17,BNTX,50.85,51.5,49.5001,49.75,723069
2020-06-17,MRNA,63.31,65.88,62.58,63.6,13615975
2020-06-16,AMZN,2615.27,2620.0,2576.0,2620.0,3595649
2020-06-16,GOOGL,1446.47,1457.17,1428.99,1449.0,1534826
2020-06-16,FB,235.65,238.46,233.0,237.14,15236691
2020-06-16,PFE,31.507,32.036,30.865,31.686,55937510
2020-06-16,BNTX,49.9,51.5,49.09,51.0,901709
2020-06-16,MRNA,64.34,66.6,62.6,66.31,16537847
2020-06-15,AMZN,2572.68,2584.0,2508.0001,2526.6,3873335
2020-06-15,GOOGL,1420.74,1425.0,1387.1952,1389.49,1527652
2020-06-15,FB,232.5,233.77,224.8,225.09,15340264
2020-06-15,PFE,31.469,31.807,30.904,31.413,36456373
2020-06-15,BNTX,50.85,51.17,48.29,48.72,1091088
2020-06-15,MRNA,66.57,66.98,63.424,65.9,19339289
2020-06-12,AMZN,2545.02,2621.4766,2503.35,2601.21,5436127
2020-06-12,GOOGL,1412.92,1434.505,1385.8,1425.86,1833756
2020-06-12,FB,228.58,231.66,224.5,229.9,22091387
2020-06-12,PFE,31.838,32.172,31.171,32.148,38120922
2020-06-12,BNTX,48.58,49.44,47.01,49.37,859123
2020-06-12,MRNA,62.0,63.63,60.29,62.355,14742913
2020-06-11,AMZN,2557.96,2671.38,2536.23,2603.5,5800107
2020-06-11,GOOGL,1401.9,1451.6033,1398.41,1441.03,2357243
2020-06-11,FB,224.43,232.89,223.55,229.94,26708163
2020-06-11,PFE,31.413,33.658,31.394,33.581,63530660
2020-06-11,BNTX,48.6,49.19,47.0701,49.0,1324844
2020-06-11,MRNA,60.2,66.6867,58.77,62.95,32085168
2020-06-10,AMZN,2647.45,2722.35,2626.26,2645.0,4946031
2020-06-10,GOOGL,1464.7,1472.77,1454.355,1461.51,1588116
2020-06-10,FB,236.73,241.21,235.28,240.96,20720709
2020-06-10,PFE,33.884,34.384,33.856,34.299,29727512
2020-06-10,BNTX,47.41,47.999,46.55,47.8,913133
2020-06-10,MRNA,60.07,60.72,58.6,58.8,11074361
2020-06-09,AMZN,2600.86,2626.43,2525.0,2529.44,5175950
2020-06-09,GOOGL,1452.08,1467.8,1442.36,1445.24,1681155
2020-06-09,FB,238.67,239.77,230.41,231.52,27462872
2020-06-09,PFE,34.158,34.581,34.12,34.432,21800007
2020-06-09,BNTX,47.79,48.1,46.87,47.8,970354
2020-06-09,MRNA,58.23,59.405,57.73,58.55,7600166
2020-06-08,AMZN,2524.06,2530.0,2487.335,2500.2,3970654
2020-06-08,GOOGL,1448.04,1449.0,1424.48,1426.28,1693881
2020-06-08,FB,231.4,231.55,227.41,229.03,15466499
2020-06-08,PFE,34.517,34.527,33.658,33.77,30368167
2020-06-08,BNTX,48.78,49.241,47.42,49.22,1142624
2020-06-08,MRNA,59.1,59.38,56.72,58.3,11249314
2020-06-05,AMZN,2483.0,2488.645,2437.13,2444.51,3306445
2020-06-05,GOOGL,1440.02,1446.3,1407.6213,1415.64,2132350
2020-06-05,FB,230.77,231.35,225.3105,226.71,16750438
2020-06-05,PFE,33.95,34.422,33.848,34.187,36917242
2020-06-05,BNTX,49.18,50.23,48.5,49.8,769047
2020-06-05,MRNA,58.19,59.19,56.63,58.49,14677935
2020-06-04,AMZN,2460.6,2507.54,2450.01,2477.43,2948710
2020-06-04,GOOGL,1414.3,1441.32,1406.01,1436.78,1349105
2020-06-04,FB,226.29,231.63,224.61,229.56,17041481
2020-06-04,PFE,33.969,34.234,33.675,33.685,27169057
2020-06-04,BNTX,50.0,51.86,49.7,50.45,623630
2020-06-04,MRNA,60.59,61.93,58.52,61.61,13503951
2020-06-03,AMZN,2478.4,2488.0,2461.17,2468.01,2671024
2020-06-03,GOOGL,1439.25,1449.01,1431.62,1442.7,1386640
2020-06-03,FB,230.16,232.65,228.53,232.11,15380282
2020-06-03,PFE,34.111,34.347,33.527,34.234,38975350
2020-06-03,BNTX,51.16,52.23,49.54,51.85,1379875
2020-06-03,MRNA,59.89,63.37,57.1,57.51,20811530
2020-06-02,AMZN,2472.41,2473.53,2445.31,2467.0,2529903
2020-06-02,GOOGL,1442.31,1443.0,1421.61,1435.0,1172069
2020-06-02,FB,232.72,233.0,226.56,230.94,20919018
2020-06-02,PFE,34.111,34.111,33.252,33.517,42936882
2020-06-02,BNTX,52.38,52.85,50.1,51.98,688618
2020-06-02,MRNA,59.87,59.95,55.3553,58.7,21701140
2020-06-01,AMZN,2471.04,2476.93,2444.17,2448.0,2938032
2020-06-01,GOOGL,1434.87,1441.58,1422.28,1425.7,1259254
2020-06-01,FB,231.91,232.44,223.5,224.59,18223839
2020-06-01,PFE,33.45,33.705,32.932,33.488,77391658
2020-06-01,BNTX,52.3,53.21,49.54,50.0,1275816
2020-06-01,MRNA,62.18,63.9,60.51,62.76,21257477
2020-05-29,AMZN,2442.37,2442.37,2398.1973,2415.94,3529329
2020-05-29,GOOGL,1433.52,1436.73,1415.98,1420.43,1852522
2020-05-29,FB,225.09,227.49,222.88,225.2,23322476
2020-05-29,PFE,36.026,36.253,35.45,36.101,48918490
2020-05-29,BNTX,49.53,49.53,47.16,48.19,760747
2020-05-29,MRNA,61.5,61.65,56.56,57.45,38224872
2020-05-28,AMZN,2401.1,2436.9699,2378.23,2384.33,3193136
2020-05-28,GOOGL,1418.24,1444.46,1399.076,1400.0,1759787
2020-05-28,FB,225.46,231.6332,224.0,224.3,29423013
2020-05-28,PFE,36.016,36.262,35.583,35.697,22654882
2020-05-28,BNTX,46.87,50.11,46.753,48.34,1110358
2020-05-28,MRNA,55.54,59.11,53.35,53.5,32308594
2020-05-27,AMZN,2410.39,2413.58,2330.0,2404.99,5056945
2020-05-27,GOOGL,1420.28,1425.345,1394.6,1420.0,1584185
2020-05-27,FB,229.14,230.56,221.1347,229.07,34697553
2020-05-27,PFE,35.29,35.413,34.874,35.29,26053406
2020-05-27,BNTX,47.59,50.22,46.3,49.53,1810218
2020-05-27,MRNA,52.18,53.34,46.1301,51.2,59514749
2020-05-26,AMZN,2421.86,2462.0,2414.06,2458.0,3568153
2020-05-26,GOOGL,1421.37,1445.11,1419.395,1441.96,2229488
2020-05-26,FB,232.2,240.9,231.67,239.77,33178318
2020-05-26,PFE,35.366,35.724,35.328,35.516,23394120
2020-05-26,BNTX,50.88,52.55,49.34,52.4,1511429
2020-05-26,MRNA,57.71,66.59,57.05,66.4,40332555
2020-05-22,AMZN,2436.88,2469.85,2430.13,2455.01,2867079
2020-05-22,GOOGL,1413.24,1417.0,1395.95,1403.9,1427206
2020-05-22,FB,234.91,235.99,228.74,231.51,33925564
2020-05-22,PFE,35.374,35.404,34.864,35.008,15872198
2020-05-22,BNTX,51.03,52.61,50.76,52.15,941557
2020-05-22,MRNA,69.0,70.6,67.14,69.93,28912678
2020-05-21,AMZN,2446.74,2525.45,2442.54,2500.0,5114403
2020-05-21,GOOGL,1406.75,1416.46,1394.39,1410.99,1544976
2020-05-21,FB,231.39,237.2,231.2,234.72,47782636
2020-05-21,PFE,35.147,35.516,34.95,35.441,17753902
2020-05-21,BNTX,51.9,54.2,51.145,54.1,1094305
2020-05-21,MRNA,67.05,73.16,65.31,73.05,35317971
2020-05-20,AMZN,2497.94,2500.01,2467.27,2477.87,3998143
2020-05-20,GOOGL,1409.16,1412.026,1387.4193,1389.16,1913133
2020-05-20,FB,229.97,231.34,223.19,223.5,50162875
2020-05-20,PFE,35.498,36.036,35.418,35.8,17605114
2020-05-20,BNTX,53.04,53.72,51.62,53.21,1979349
2020-05-20,MRNA,73.47,74.48,67.41,70.01,53655278
2020-05-19,AMZN,2449.33,2484.995,2428.97,2429.83,4320498
2020-05-19,GOOGL,1374.4,1392.49,1373.76,1385.48,1579250
2020-05-19,FB,216.88,220.49,212.83,213.27,31843152
2020-05-19,PFE,35.544,35.865,35.195,35.706,19588425
2020-05-19,BNTX,50.59,57.94,49.95,57.0,3612127
2020-05-19,MRNA,71.67,79.75,70.32,78.07,64932254
2020-05-18,AMZN,2426.26,2433.0,2384.01,2404.3456,4366572
2020-05-18,GOOGL,1385.18,1392.76,1354.2,1361.58,2356449
2020-05-18,FB,213.19,214.6445,210.94,212.15,20167443
2020-05-18,PFE,35.913,36.281,35.498,36.168,22769520
2020-05-18,BNTX,60.17,60.43,50.6,54.74,5017200
2020-05-18,MRNA,80.0,87.0,75.66,86.14,81209374
2020-05-15,AMZN,2409.78,2411.0,2356.37,2368.52,4234951
2020-05-15,GOOGL,1373.06,1374.58,1339.0,1348.26,2077199
2020-05-15,FB,210.88,211.34,204.12,205.27,19383154
2020-05-15,PFE,35.621,36.007,35.266,35.81,25606714
2020-05-15,BNTX,49.49,49.74,48.2,48.51,793829
2020-05-15,MRNA,66.69,67.67,63.01,63.79,16341869
2020-05-14,AMZN,2388.85,2391.37,2353.21,2361.01,3648128
2020-05-14,GOOGL,1356.86,1357.37,1323.3,1333.52,1833017
2020-05-14,FB,206.81,206.93,200.69,202.56,17178947
2020-05-14,PFE,35.771,35.81,34.695,34.715,22491361
2020-05-14,BNTX,48.66,49.08,45.08,48.56,1099108
2020-05-14,MRNA,64.56,65.39,61.44,64.79,12198249
2020-05-13,AMZN,2367.92,2407.7,2337.805,2366.8,4782919
2020-05-13,GOOGL,1348.33,1385.33,1328.01,1376.16,2018404
2020-05-13,FB,205.1,210.78,202.11,209.43,20684559
2020-05-13,PFE,34.95,35.304,34.512,35.195,24738602
2020-05-13,BNTX,48.49,50.89,47.43,50.5,1468785
2020-05-13,MRNA,65.18,66.97,60.29,63.8003,22125959
2020-05-12,AMZN,2356.95,2418.9999,2355.0,2411.85,3074916
2020-05-12,GOOGL,1375.18,1414.33,1374.51,1408.22,1695874
2020-05-12,FB,210.1,215.275,210.0,213.29,14704647
2020-05-12,PFE,35.243,36.073,35.225,35.959,19446737
2020-05-12,BNTX,49.33,52.12,49.2,50.4,1910229
2020-05-12,MRNA,62.35,68.49,62.02,65.99,25934464
2020-05-11,AMZN,2409.0,2419.665,2372.11,2374.7,3259231
2020-05-11,GOOGL,1403.59,1415.53,1375.5,1376.79,1635856
2020-05-11,FB,213.18,215.0,210.37,210.8865,12911948
2020-05-11,PFE,35.942,36.045,35.053,35.139,25768090
2020-05-11,BNTX,49.98,50.79,47.9135,49.61,1887374
2020-05-11,MRNA,66.9,67.67,59.1401,59.6,34852044
2020-05-08,AMZN,2379.61,2387.2449,2357.0,2372.14,3211228
2020-05-08,GOOGL,1384.34,1396.64,1372.01,1381.82,1666487
2020-05-08,FB,212.35,213.21,210.85,212.24,12524048
2020-05-08,PFE,35.111,35.261,34.941,35.139,20016031
2020-05-08,BNTX,49.24,49.888,48.2076,49.16,697927
2020-05-08,MRNA,59.25,59.88,52.15,53.06,24135545
2020-05-07,AMZN,2367.61,2376.0,2343.11,2374.78,3396411
2020-05-07,GOOGL,1369.28,1375.9999,1352.5406,1361.31,1535819
2020-05-07,FB,211.26,211.6,209.04,211.16,15151976
2020-05-07,PFE,34.864,36.308,34.8,36.234,33739432
2020-05-07,BNTX,49.32,49.5,48.35,49.26,816587
2020-05-07,MRNA,53.19,55.99,51.06,55.78,30942700
2020-05-06,AMZN,2351.26,2357.45,2320.0,2329.44,3117814
2020-05-06,GOOGL,1345.43,1368.69,1345.13,1358.0,1586629
2020-05-06,FB,208.47,211.6,206.66,208.12,21856963
2020-05-06,PFE,35.969,36.437,35.969,36.398,24427063
2020-05-06,BNTX,47.78,50.2,47.5,50.14,889765
2020-05-06,MRNA,48.95,49.25,47.5201,48.45,6692345
2020-05-05,AMZN,2317.8,2351.0,2307.1251,2340.0,3242496
2020-05-05,GOOGL,1349.02,1371.01,1335.03,1337.5,1983318
2020-05-05,FB,207.07,210.38,206.5,207.02,21071223
2020-05-05,PFE,35.969,36.296,35.743,36.25,24504752
2020-05-05,BNTX,50.0,50.375,47.706,48.41,2604789
2020-05-05,MRNA,49.34,50.96,47.23,50.48,11160180
2020-05-04,AMZN,2315.99,2326.98,2256.38,2256.38,4865926
2020-05-04,GOOGL,1322.9,1324.47,1296.01,1308.13,1540347
2020-05-04,FB,205.26,205.91,198.7562,200.2,19250673
2020-05-04,PFE,35.138,35.418,34.942,35.12,20207546
2020-05-04,BNTX,45.78,47.4699,44.36,45.2,784856
2020-05-04,MRNA,50.5,50.5,48.0,48.05,10460549
2020-05-01,AMZN,2286.04,2362.44,2258.1901,2336.8,9772605
2020-05-01,GOOGL,1317.32,1351.43,1309.66,1324.09,2443554
2020-05-01,FB,202.27,207.28,199.0501,201.6,30415581
2020-05-01,PFE,35.156,35.436,34.919,35.353,23037924
2020-05-01,BNTX,45.11,46.99,43.0,46.0,874577
2020-05-01,MRNA,47.93,50.45,46.29,48.71,21701291
2020-04-30,AMZN,2474.0,2475.0,2396.01,2419.84,9534611
2020-04-30,GOOGL,1346.7,1350.0,1321.5,1331.36,2792124
2020-04-30,FB,204.71,209.69,201.5701,206.92,46230116
2020-04-30,PFE,35.829,35.969,34.895,35.493,29915862
2020-04-30,BNTX,47.48,49.22,46.02,49.21,1034115
2020-04-30,MRNA,45.99,48.37,45.82,46.78,7741871
2020-04-29,AMZN,2372.71,2391.89,2310.0,2330.01,4591593
2020-04-29,GOOGL,1342.18,1360.15,1326.73,1345.0,5417888
2020-04-29,FB,194.19,196.91,190.0,190.93,45954521
2020-04-29,PFE,35.606,36.007,35.223,35.922,26937123
2020-04-29,BNTX,49.25,49.7,46.13,48.0,1766385
2020-04-29,MRNA,46.37,46.9497,45.01,46.6,11761966
2020-04-28,AMZN,2314.08,2373.5,2306.0,2372.1,5269446
2020-04-28,GOOGL,1232.59,1284.76,1230.38,1283.2,4035007
2020-04-28,FB,182.91,189.2,182.56,188.66,21730986
2020-04-28,PFE,35.409,36.632,34.91,36.474,36229788
2020-04-28,BNTX,45.83,48.98,44.8,48.6,1511199
2020-04-28,MRNA,47.88,50.45,47.17,50.4,13067207
2020-04-27,AMZN,2376.0,2444.88,2363.0,2443.2,5645645
2020-04-27,GOOGL,1270.86,1294.1,1265.06,1292.0,2209333
2020-04-27,FB,187.5,193.75,187.41,192.657,29197750
2020-04-27,PFE,35.802,35.997,35.091,35.11,23763344
2020-04-27,BNTX,49.4,50.25,48.16,48.89,1183326
2020-04-27,MRNA,48.05,51.7,47.3,51.53,13744397
2020-04-24,AMZN,2410.22,2420.4332,2382.0,2417.0,3831797
2020-04-24,GOOGL,1276.6,1277.71,1244.0,1255.0,1872004
2020-04-24,FB,190.07,190.41,180.825,183.23,28868528
2020-04-24,PFE,34.915,34.959,34.357,34.409,17633460
2020-04-24,BNTX,47.75,51.49,47.6,51.24,1832381
2020-04-24,MRNA,50.5,50.5,47.1416,47.15,11712457
2020-04-23,AMZN,2399.45,2424.22,2382.08,2399.98,5066552
2020-04-23,GOOGL,1271.17,1288.15,1260.5301,1265.74,1710122
2020-04-23,FB,185.13,187.05,183.15,184.08,21426604
2020-04-23,PFE,34.269,34.933,33.886,33.886,20504037
2020-04-23,BNTX,50.0,58.0,49.22,58.0,4271168
2020-04-23,MRNA,47.44,50.7,46.89,49.1,15152351
2020-04-22,AMZN,2363.49,2394.0,2351.0,2369.0,4218295
2020-04-22,GOOGL,1258.41,1279.88,1237.2,1241.11,2315792
2020-04-22,FB,182.28,184.78,178.14,178.45,33369931
2020-04-22,PFE,33.858,34.559,33.738,34.522,20504771
2020-04-22,BNTX,53.5,55.85,45.2,54.44,10871099
2020-04-22,MRNA,51.2,51.82,49.06,50.61,11690439
2020-04-21,AMZN,2328.12,2428.3099,2279.66,2416.61,7476679
2020-04-21,GOOGL,1212.16,1250.0,1205.0,1242.71,2482404
2020-04-21,FB,170.8,175.38,168.3408,175.25,24850528
2020-04-21,PFE,33.27,33.558,33.037,33.42,24353765
2020-04-21,BNTX,42.26,45.9,39.8,45.27,1507269
2020-04-21,MRNA,49.26,56.38,43.11,53.0,39641959
2020-04-20,AMZN,2393.61,2444.98,2386.05,2389.95,5770694
2020-04-20,GOOGL,1261.15,1276.82,1256.44,1269.89,1764608
2020-04-20,FB,178.24,180.5,176.77,177.41,16110664
2020-04-20,PFE,33.699,34.474,33.699,33.98,22886243
2020-04-20,BNTX,43.37,45.9,41.0,41.49,1278759
2020-04-20,MRNA,51.69,54.95,44.51,45.0,34102467
2020-04-17,AMZN,2375.0,2400.0,2316.02,2372.33,7930010
2020-04-17,GOOGL,1279.0,1290.0,1266.0,1281.7,2552824
2020-04-17,FB,179.24,180.28,176.66,179.2,20974750
2020-04-17,PFE,34.474,34.559,33.729,34.093,24790092
2020-04-17,BNTX,40.81,41.7069,38.8753,40.3,1008282
2020-04-17,MRNA,46.85,49.0,43.38,48.99,32285976
2020-04-16,AMZN,2408.19,2460.9981,2335.0,2346.0,12038201
2020-04-16,GOOGL,1257.43,1273.3586,1238.2,1267.14,2894757
2020-04-16,FB,176.25,178.05,172.51,177.95,23593229
2020-04-16,PFE,33.513,33.868,33.227,33.738,20983524
2020-04-16,BNTX,38.79,39.26,37.0,38.76,849364
2020-04-16,MRNA,40.6,41.55,36.62,38.0735,20670718
2020-04-15,AMZN,2307.68,2333.369,2245.0,2257.68,6866567
2020-04-15,GOOGL,1257.3,1275.1099,1234.0,1246.51,2111842
2020-04-15,FB,176.97,178.19,172.82,175.1865,17423003
2020-04-15,PFE,33.596,33.84,33.232,33.679,21648664
2020-04-15,BNTX,38.58,41.24,38.13,40.9,980625
2020-04-15,MRNA,37.25,38.45,33.72,34.64,15682994
2020-04-14,AMZN,2283.32,2292.0,2186.21,2200.47,8087193
2020-04-14,GOOGL,1265.23,1275.7499,1228.5413,1239.9735,3167862
2020-04-14,FB,178.17,181.225,176.62,178.9765,21011815
2020-04-14,PFE,34.035,34.213,33.002,33.558,22190186
2020-04-14,BNTX,41.63,43.98,41.4,43.82,863881
2020-04-14,MRNA,34.66,34.99,33.15,34.0,8126897
2020-04-13,AMZN,2168.87,2180.0,2038.0,2040.0,6716709
2020-04-13,GOOGL,1210.41,1214.5199,1182.3318,1201.5,1935128
2020-04-13,FB,174.79,175.0,169.45,173.67,19355355
2020-04-13,PFE,32.821,33.606,32.428,33.586,18558559
2020-04-13,BNTX,41.71,46.39,41.0,46.02,880706
2020-04-13,MRNA,32.9,32.98,31.71,32.0,5603883
2020-04-09,AMZN,2042.76,2053.0,2017.66,2044.3,4655617
2020-04-09,GOOGL,1206.57,1221.99,1192.4166,1218.18,2701423
2020-04-09,FB,175.19,177.08,171.57,175.9,23534287
2020-04-09,PFE,33.055,33.407,32.551,32.718,31199851
2020-04-09,BNTX,45.41,53.0,45.0,52.01,1483016
2020-04-09,MRNA,31.86,32.92,31.32,32.55,4861753
2020-04-08,AMZN,2043.0,2044.0,2011.15,2021.0,3977313
2020-04-08,GOOGL,1207.0,1214.9,1183.954,1203.1,2016713
2020-04-08,FB,174.28,175.0,167.74,171.25,21664198
2020-04-08,PFE,32.318,32.505,31.235,31.748,25926885
2020-04-08,BNTX,44.95,48.1,44.5101,48.1,819781
2020-04-08,MRNA,32.42,32.94,31.7501,32.36,4119844
2020-04-07,AMZN,2011.6,2035.72,1997.62,2017.11,5113983
2020-04-07,GOOGL,1182.56,1220.775,1177.25,1217.01,3080955
2020-04-07,FB,168.83,173.39,166.01,171.79,31411919
2020-04-07,PFE,31.392,32.851,31.374,32.691,24608785
2020-04-07,BNTX,45.6,50.2,44.0,50.0,1461724
2020-04-07,MRNA,32.02,34.03,30.9801,33.81,10104337
2020-04-06,AMZN,1997.59,1998.52,1930.02,1936.0,5773181
2020-04-06,GOOGL,1183.19,1190.7547,1125.0,1133.0,3165991
2020-04-06,FB,165.55,166.2,158.51,160.15,28453581
2020-04-06,PFE,32.29,32.598,31.552,31.682,41142568
2020-04-06,BNTX,52.73,55.6,52.4,55.5,331184
2020-04-06,MRNA,34.64,35.185,33.33,34.91,10841594
2020-04-03,AMZN,1906.59,1926.33,1889.15,1911.15,3609870
2020-04-03,GOOGL,1092.7,1118.79,1075.08,1114.71,2568694
2020-04-03,FB,154.18,157.91,150.83,157.15,25983317
2020-04-03,PFE,31.421,31.655,30.476,30.476,33355702
2020-04-03,BNTX,52.75,57.98,52.01,57.98,227301
2020-04-03,MRNA,34.84,35.66,32.72,32.81,16896224
2020-04-02,AMZN,1918.83,1927.5258,1890.0,1901.64,4335985
2020-04-02,GOOGL,1117.03,1122.77,1093.13,1100.0,2820534
2020-04-02,FB,158.19,161.3509,155.92,159.1,20886309
2020-04-02,PFE,30.702,30.822,29.656,29.795,27616075
2020-04-02,BNTX,56.91,56.93,53.0,55.5,245896
2020-04-02,MRNA,33.2,33.39,29.84,30.6,15934404
2020-04-01,AMZN,1907.7,1944.96,1893.0,1932.97,4121875
2020-04-01,GOOGL,1102.1,1129.42,1093.49,1124.0,2598519
2020-04-01,FB,159.6,164.15,158.035,161.615,19507559
2020-04-01,PFE,29.656,30.151,29.45,29.814,27131240
2020-04-01,BNTX,52.92,58.195,52.48,56.35,259110
2020-04-01,MRNA,29.67,30.94,29.44,30.05,7004587
2020-03-31,AMZN,1949.72,1993.02,1944.01,1964.35,5123626
2020-03-31,GOOGL,1161.95,1173.4,1136.72,1148.73,3263971
2020-03-31,FB,166.8,170.93,164.2,165.48,23676283
2020-03-31,PFE,30.485,30.822,30.108,30.262,29934571
2020-03-31,BNTX,58.4,62.0,57.0,59.86,243388
2020-03-31,MRNA,29.95,30.98,29.2,30.6,6027880
2020-03-30,AMZN,1963.95,1973.63,1912.34,1922.83,6126087
2020-03-30,GOOGL,1146.31,1151.0,1098.4901,1132.64,2936827
2020-03-30,FB,165.95,166.75,158.06,159.18,22515225
2020-03-30,PFE,30.515,30.678,29.001,29.001,30416235
2020-03-30,BNTX,62.0,64.45,59.04,60.0,591215
2020-03-30,MRNA,30.48,31.69,28.27,30.59,10749923
2020-03-27,AMZN,1900.1,1939.79,1899.92,1930.86,5387897
2020-03-27,GOOGL,1110.26,1151.05,1104.0027,1127.47,3139661
2020-03-27,FB,156.79,160.09,154.75,158.2,24879869
2020-03-27,PFE,28.862,29.646,28.637,28.767,38894830
2020-03-27,BNTX,55.0,55.4,51.32,54.83,246275
2020-03-27,MRNA,30.05,31.09,27.95,28.37,12408297
2020-03-26,AMZN,1955.49,1956.49,1889.29,1902.0,6235118
2020-03-26,GOOGL,1162.92,1171.48,1092.03,1114.72,3834422
2020-03-26,FB,163.34,164.0,157.0201,158.25,26579021
2020-03-26,PFE,29.656,29.879,27.909,27.919,43963631
2020-03-26,BNTX,55.0,55.75,50.0,52.0,472542
2020-03-26,MRNA,27.94,28.79,27.56,27.56,5585886
2020-03-25,AMZN,1885.84,1950.26,1885.78,1920.69,6479073
2020-03-25,GOOGL,1101.62,1146.17,1083.01,1124.58,4516162
2020-03-25,FB,156.21,162.99,153.06,158.92,35184271
2020-03-25,PFE,27.786,28.693,27.087,27.554,45305361
2020-03-25,BNTX,47.2,53.685,47.2,53.63,333373
2020-03-25,MRNA,27.13,27.98,24.79,25.0,9651543
2020-03-24,AMZN,1940.1,1955.0,1900.3403,1951.495,7147080
2020-03-24,GOOGL,1130.01,1133.33,1086.43,1103.98,3623435
2020-03-24,FB,160.98,161.31,152.57,155.205,30440369
2020-03-24,PFE,27.741,28.067,26.993,27.563,45168759
2020-03-24,BNTX,53.64,58.99,48.02,58.9,579733
2020-03-24,MRNA,25.82,27.25,24.36,27.09,12550494
2020-03-23,AMZN,1902.83,1919.4,1812.0,1827.75,7808489
2020-03-23,GOOGL,1054.13,1066.91,1008.87,1056.37,4183629
2020-03-23,FB,148.1,152.31,142.25,149.66,29830765
2020-03-23,PFE,26.61,27.629,26.041,26.863,53687406
2020-03-23,BNTX,51.31,59.98,50.31,59.0,994200
2020-03-23,MRNA,26.57,29.81,26.25,28.71,11080845
2020-03-20,AMZN,1846.09,1957.0,1820.73,1926.31,9817850
2020-03-20,GOOGL,1068.21,1138.4783,1062.1,1130.9,4143897
2020-03-20,FB,149.73,159.27,148.0,156.02,32568398
2020-03-20,PFE,27.095,28.647,27.002,28.283,53317559
2020-03-20,BNTX,46.5,55.0,43.66,54.95,1173967
2020-03-20,MRNA,28.2,30.23,26.2,29.25,16522449
2020-03-19,AMZN,1880.93,1945.0,1832.65,1860.0,10399943
2020-03-19,GOOGL,1111.67,1152.61,1055.55,1088.22,3703248
2020-03-19,FB,153.13,159.9294,144.8,146.62,39862312
2020-03-19,PFE,28.412,30.123,28.03,30.093,60765231
2020-03-19,BNTX,59.3,83.3289,59.0,83.2,1598524
2020-03-19,MRNA,28.27,34.98,25.19,32.78,36952753
2020-03-18,AMZN,1830.0,1841.66,1745.0,1750.0,9645218
2020-03-18,GOOGL,1091.19,1104.99,1037.0,1059.94,4652238
2020-03-18,FB,146.96,148.18,137.1006,139.75,37553136
2020-03-18,PFE,30.226,30.459,28.31,28.74,44577738
2020-03-18,BNTX,92.0,105.0,82.2086,90.39,3026999
2020-03-18,MRNA,31.58,32.54,26.55,27.13,28702290
2020-03-17,AMZN,1807.84,1857.775,1689.2402,1775.47,10917129
2020-03-17,GOOGL,1118.06,1126.0,1049.1,1090.64,4159686
2020-03-17,FB,149.42,153.94,140.0,150.74,34255596
2020-03-17,PFE,30.039,30.495,28.571,29.554,55076527
2020-03-17,BNTX,66.6,76.0,56.01,65.0,2939806
2020-03-17,MRNA,28.18,32.7,27.3148,29.36,44484144
2020-03-16,AMZN,1689.15,1759.4519,1626.0318,1641.51,8917265
2020-03-16,GOOGL,1073.0,1145.47,1067.0801,1089.61,4825981
2020-03-16,FB,146.01,159.13,143.1,152.32,39120419
2020-03-16,PFE,28.189,30.155,27.693,27.965,51800091
2020-03-16,BNTX,40.0,52.8,38.0,49.36,1935943
2020-03-16,MRNA,26.49,27.8,22.22,23.76,39850785
2020-03-13,AMZN,1785.0,1786.31,1680.62,1755.0,8809725
2020-03-13,GOOGL,1214.27,1214.4,1112.29,1174.99,3969973
2020-03-13,FB,170.28,170.79,157.6,163.53,35028627
2020-03-13,PFE,30.553,30.711,28.235,29.206,61508971
2020-03-13,BNTX,30.93,31.98,29.19,30.0,197649
2020-03-13,MRNA,21.3,23.47,19.31,23.0,11853052
2020-03-12,AMZN,1676.61,1765.0,1675.0,1721.98,11346214
2020-03-12,GOOGL,1111.55,1188.75,1108.47,1122.62,4716293
2020-03-12,FB,154.47,166.6,154.34,159.54,43266335
2020-03-12,PFE,28.039,29.889,28.021,28.469,63721743
2020-03-12,BNTX,28.55,30.395,28.0,28.99,184055
2020-03-12,MRNA,22.3,24.28,21.9,22.8997,11305347
2020-03-11,AMZN,1820.86,1871.3194,1801.5,1857.85,5646831
2020-03-11,GOOGL,1210.9,1256.93,1191.14,1248.27,2741694
2020-03-11,FB,170.24,175.88,167.66,174.01,20397204
2020-03-11,PFE,30.048,31.645,29.571,31.532,66423144
2020-03-11,BNTX,32.17,34.095,31.0,33.4,118950
2020-03-11,MRNA,23.61,25.7491,22.5235,22.54,14825434
2020-03-10,AMZN,1891.82,1894.27,1818.17,1870.88,7133310
2020-03-10,GOOGL,1275.17,1275.85,1214.51,1254.39,2743566
2020-03-10,FB,178.19,178.29,169.5,174.67,24517791
2020-03-10,PFE,32.309,32.373,30.832,32.29,41188440
2020-03-10,BNTX,33.96,35.83,31.4522,35.08,327522
2020-03-10,MRNA,22.34,25.93,21.28,25.71,13019221
2020-03-09,AMZN,1800.61,1862.77,1761.2901,1773.86,7813232
2020-03-09,GOOGL,1215.79,1252.73,1198.04,1204.96,3462578
2020-03-09,FB,169.5,175.0,165.19,169.6,29949041
2020-03-09,PFE,31.532,32.403,30.972,31.253,43865553
2020-03-09,BNTX,33.48,35.9,32.3996,35.15,190150
2020-03-09,MRNA,24.29,30.0,24.16,30.0,14124076
2020-03-06,AMZN,1901.09,1910.87,1869.5,1875.0,5273580
2020-03-06,GOOGL,1295.74,1302.75,1257.21,1271.5,3232315
2020-03-06,FB,181.09,183.78,176.26,178.33,24559550
2020-03-06,PFE,32.708,32.851,31.868,32.411,41577332
2020-03-06,BNTX,38.09,40.9455,35.61,38.0,279233
2020-03-06,MRNA,29.61,29.8,27.67,27.98,21097488
2020-03-05,AMZN,1924.03,1960.72,1910.0,1933.0,4748210
2020-03-05,GOOGL,1314.76,1353.63,1301.64,1345.55,2718982
2020-03-05,FB,185.17,188.99,183.8901,186.78,19333425
2020-03-05,PFE,33.12,33.792,32.836,33.298,35650298
2020-03-05,BNTX,37.12,38.06,35.64,37.71,77056
2020-03-05,MRNA,28.01,28.95,26.535,27.49,14669976
2020-03-04,AMZN,1975.83,1978.0,1922.0,1946.57,4772919
2020-03-04,GOOGL,1381.6,1382.78,1337.0,1358.96,2379856
2020-03-04,FB,191.76,191.83,186.39,189.17,23062473
2020-03-04,PFE,33.999,34.054,32.644,32.784,39323321
2020-03-04,BNTX,39.19,39.3,38.0,39.0,127114
2020-03-04,MRNA,27.49,28.72,26.8,27.99,11817666
2020-03-03,AMZN,1908.99,1996.33,1888.09,1975.37,7534491
2020-03-03,GOOGL,1337.72,1408.19,1329.24,1397.68,2830112
2020-03-03,FB,185.89,197.24,183.97,196.22,27984104
2020-03-03,PFE,32.038,33.42,31.625,32.86,46903424
2020-03-03,BNTX,38.48,40.998,36.6,36.635,297978
2020-03-03,MRNA,27.91,28.6,26.6,27.87,17599114
2020-03-02,AMZN,1953.95,1954.51,1870.0,1909.52,6761651
2020-03-02,GOOGL,1386.32,1387.47,1325.2,1351.39,2771463
2020-03-02,FB,196.44,196.57,188.85,194.03,24948955
2020-03-02,PFE,32.579,32.644,31.239,31.673,42698022
2020-03-02,BNTX,36.6,36.6,34.0,35.01,185096
2020-03-02,MRNA,29.88,30.75,25.21,27.0,33084026
2020-02-28,AMZN,1883.75,1889.76,1811.13,1814.59,9493797
2020-02-28,GOOGL,1339.25,1342.45,1268.21,1271.91,4010900
2020-02-28,FB,192.47,192.74,181.82,182.695,32583494
2020-02-28,PFE,31.215,31.701,30.382,31.28,67115056
2020-02-28,BNTX,35.1,35.1,32.85,33.4,234414
2020-02-28,MRNA,25.93,25.95,22.015,23.38,24425125
2020-02-27,AMZN,1884.3,1975.0,1882.76,1934.38,8143993
2020-02-27,GOOGL,1314.95,1369.4,1314.24,1359.14,3114476
2020-02-27,FB,189.75,195.88,189.5,191.82,21682626
2020-02-27,PFE,31.851,33.354,31.851,32.167,56320148
2020-02-27,BNTX,33.88,33.97,31.0494,31.91,112389
2020-02-27,MRNA,26.16,35.98,23.05,35.88,68256337
2020-02-26,AMZN,1979.59,2014.67,1960.45,1970.28,5240402
2020-02-26,GOOGL,1390.47,1413.67,1376.55,1393.36,2490178
2020-02-26,FB,197.2,201.21,195.49,197.19,16555210
2020-02-26,PFE,32.428,32.888,31.775,31.98,48680591
2020-02-26,BNTX,33.75,34.39,31.55,31.85,213280
2020-02-26,MRNA,29.16,29.98,27.08,29.05,78016785
2020-02-25,AMZN,1972.74,2034.6,1958.42,2026.42,6219094
2020-02-25,GOOGL,1386.32,1436.85,1380.42,1431.0,2578966
2020-02-25,FB,196.77,203.5,195.954,202.25,21433487
2020-02-25,PFE,31.691,32.448,31.486,32.393,42539971
2020-02-25,BNTX,33.44,33.96,30.0,30.0,201473
2020-02-25,MRNA,23.76,26.55,20.51,22.15,65001881
2020-02-24,AMZN,2009.29,2039.3,1987.97,2003.18,6546997
2020-02-24,GOOGL,1419.86,1436.38,1406.79,1423.05,2478039
2020-02-24,FB,200.72,203.65,198.17,201.8,23080057
2020-02-24,PFE,32.383,33.06,32.318,32.728,38568690
2020-02-24,BNTX,30.6,31.1,29.14,30.0,148391
2020-02-24,MRNA,18.59,19.28,18.3,19.23,7605391
2020-02-21,AMZN,2095.97,2144.55,2088.0,2142.15,4650740
2020-02-21,GOOGL,1483.46,1510.95,1478.49,1504.58,2126843
2020-02-21,FB,210.18,214.237,208.831,213.48,14098432
2020-02-21,PFE,33.363,33.456,33.186,33.4,32937109
2020-02-21,BNTX,32.35,32.46,31.27,31.8,158734
2020-02-21,MRNA,18.23,18.55,17.91,18.47,3696712
2020-02-20,AMZN,2153.1,2176.79,2127.45,2173.07,3131342
2020-02-20,GOOGL,1516.99,1527.07,1504.26,1519.01,1298386
2020-02-20,FB,214.58,218.765,212.945,216.52,13109213
2020-02-20,PFE,33.484,33.679,33.075,33.354,43631156
2020-02-20,BNTX,32.38,32.58,31.005,31.72,152158
2020-02-20,MRNA,18.54,19.17,18.42,18.86,4562216
2020-02-19,AMZN,2170.22,2185.1,2161.12,2167.8,2561165
2020-02-19,GOOGL,1524.87,1530.74,1520.98,1527.2,1137338
2020-02-19,FB,217.49,218.32,216.11,217.99,12135114
2020-02-19,PFE,33.84,34.093,33.822,33.999,18031203
2020-02-19,BNTX,32.25,32.29,30.75,31.5,253769
2020-02-19,MRNA,18.92,19.24,18.725,19.09,3148012
2020-02-18,AMZN,2155.67,2166.07,2124.11,2125.02,2951070
2020-02-18,GOOGL,1519.44,1530.56,1511.01,1514.34,1284011
2020-02-18,FB,217.8,217.975,213.4,213.55,15630026
2020-02-18,PFE,33.924,34.25,33.875,34.111,18283013
2020-02-18,BNTX,31.54,31.54,30.26,30.49,66237
2020-02-18,MRNA,18.91,19.35,18.57,19.14,4129369
2020-02-14,AMZN,2134.87,2159.04,2125.89,2155.68,2606169
2020-02-14,GOOGL,1518.73,1520.05,1505.55,1514.53,1159857
2020-02-14,FB,214.18,214.93,212.65,214.0,10741747
2020-02-14,PFE,34.102,34.596,34.017,34.531,21338385
2020-02-14,BNTX,30.75,31.57,29.72,31.0,128689
2020-02-14,MRNA,19.0,19.29,18.85,19.27,5384464
2020-02-13,AMZN,2149.87,2170.28,2142.0,2144.99,3031791
2020-02-13,GOOGL,1513.39,1525.95,1504.0,1510.0,1145658
2020-02-13,FB,213.14,214.326,209.18,209.524,15396625
2020-02-13,PFE,34.493,35.1,34.452,35.1,22448569
2020-02-13,BNTX,30.64,30.64,29.08,29.51,107065
2020-02-13,MRNA,19.045,19.8,18.89,19.36,6837002
2020-02-12,AMZN,2160.0,2180.25,2155.29,2163.2,3334264
2020-02-12,GOOGL,1518.63,1520.3,1508.67,1515.86,1552136
2020-02-12,FB,210.76,211.22,207.4,207.85,13813704
2020-02-12,PFE,35.25,35.67,35.232,35.577,23306552
2020-02-12,BNTX,29.56,31.0999,29.0,30.0,157673
2020-02-12,MRNA,19.01,19.67,18.5,19.64,19231794
2020-02-11,AMZN,2150.8,2185.95,2136.0,2150.9,5746011
2020-02-11,GOOGL,1510.06,1529.88,1505.45,1513.27,1742647
2020-02-11,FB,207.19,210.86,206.51,210.19,25030810
2020-02-11,PFE,35.577,35.615,35.263,35.39,16280302
2020-02-11,BNTX,30.71,31.48,29.8,31.48,175348
2020-02-11,MRNA,21.35,22.74,21.28,22.09,6188339
2020-02-10,AMZN,2133.91,2135.6,2084.96,2085.01,5056235
2020-02-10,GOOGL,1508.66,1508.88,1475.2,1477.23,1915072
2020-02-10,FB,213.06,213.8,210.66,211.52,11856350
2020-02-10,PFE,35.316,35.7,35.232,35.69,20314105
2020-02-10,BNTX,32.12,32.15,30.11,30.99,121714
2020-02-10,MRNA,23.65,23.95,22.3832,23.5,9356771
2020-02-07,AMZN,2079.28,2098.53,2038.1,2041.99,5095347
2020-02-07,GOOGL,1479.11,1485.25,1465.41,1467.39,1418049
2020-02-07,FB,212.33,212.82,209.93,210.3,12242530
2020-02-07,PFE,35.54,35.866,35.427,35.829,22249379
2020-02-07,BNTX,30.88,32.49,30.07,31.88,166670
2020-02-07,MRNA,23.24,23.39,19.79,19.79,10144169
2020-02-06,AMZN,2050.23,2056.3,2024.8,2041.02,3182954
2020-02-06,GOOGL,1475.97,1481.56,1450.48,1451.98,1891079
2020-02-06,FB,210.85,211.19,209.338,210.47,10567533
2020-02-06,PFE,35.735,35.959,35.521,35.904,21380059
2020-02-06,BNTX,32.93,32.93,29.68,32.0,387382
2020-02-06,MRNA,19.88,20.32,19.7,20.27,1929739
2020-02-05,AMZN,2039.87,2071.02,2032.0,2071.02,4376174
2020-02-05,GOOGL,1446.05,1464.58,1429.68,1463.61,1818793
2020-02-05,FB,210.11,212.73,208.71,212.51,12538154
2020-02-05,PFE,35.65,36.025,35.325,35.353,29908717
2020-02-05,BNTX,29.25,34.0,28.69,34.0,405004
2020-02-05,MRNA,20.05,21.2,19.67,20.99,2656824
2020-02-04,AMZN,2049.67,2059.8,2015.37,2029.88,5289338
2020-02-04,GOOGL,1445.41,1467.34,1422.03,1454.49,4793967
2020-02-04,FB,209.83,210.6,205.203,206.617,19628890
2020-02-04,PFE,35.203,35.718,35.146,35.567,31642671
2020-02-04,BNTX,32.92,32.92,29.17,29.17,137590
2020-02-04,MRNA,20.87,20.88,19.75,20.09,1824436
2020-02-03,AMZN,2004.2,2048.5,2000.25,2010.6,5899094
2020-02-03,GOOGL,1482.6,1486.3,1456.61,1461.65,3608760
2020-02-03,FB,204.19,205.14,202.5,203.44,15510509
2020-02-03,PFE,35.036,35.525,34.84,34.988,21205528
2020-02-03,BNTX,30.27,30.69,28.78,29.8,177606
2020-02-03,MRNA,20.38,21.06,19.7,20.66,3214618
2020-01-31,AMZN,2008.72,2055.72,2002.27,2051.47,15567283
2020-01-31,GOOGL,1432.78,1469.67,1427.06,1467.86,2191075
2020-01-31,FB,201.91,208.69,201.06,208.43,31359917
2020-01-31,PFE,34.783,34.978,34.465,34.502,34429064
2020-01-31,BNTX,29.21,30.95,28.5,30.36,138722
2020-01-31,MRNA,20.51,21.32,20.05,21.14,2833631
2020-01-30,AMZN,1870.68,1872.87,1850.61,1858.0,6327438
2020-01-30,GOOGL,1454.25,1455.25,1435.0,1438.1,1355472
2020-01-30,FB,209.53,211.43,204.75,206.53,48775500
2020-01-30,PFE,34.625,34.718,34.269,34.651,32826711
2020-01-30,BNTX,29.9,31.19,28.58,30.7,228589
2020-01-30,MRNA,20.99,21.74,20.8,21.05,3061810
2020-01-29,AMZN,1858.0,1874.75,1855.02,1864.0,2101390
2020-01-29,GOOGL,1456.7,1464.14,1445.39,1458.46,1081964
2020-01-29,FB,223.23,224.2,218.45,221.44,33610005
2020-01-29,PFE,34.746,35.486,34.718,35.245,35073793
2020-01-29,BNTX,31.8,33.95,31.74,33.95,184232
2020-01-29,MRNA,20.55,22.34,20.45,22.23,4675832
2020-01-28,AMZN,1853.25,1858.11,1830.02,1840.5,2808040
2020-01-28,GOOGL,1450.5,1454.8,1430.36,1441.74,1486586
2020-01-28,FB,217.79,218.74,213.52,216.14,13413835
2020-01-28,PFE,35.262,36.512,35.087,36.354,72039065
2020-01-28,BNTX,34.22,34.83,32.6,34.04,165171
2020-01-28,MRNA,22.36,23.5,21.8501,23.5,5649269
2020-01-27,AMZN,1828.34,1841.0,1815.34,1820.0,3528509
2020-01-27,GOOGL,1431.73,1436.58,1419.5,1431.54,1706566
2020-01-27,FB,214.87,216.06,212.5,213.1,13810655
2020-01-27,PFE,37.132,37.38,36.289,36.438,32800247
2020-01-27,BNTX,33.2,34.535,32.75,33.24,119995
2020-01-27,MRNA,22.74,23.12,21.12,22.1,10294739
2020-01-24,AMZN,1861.64,1894.99,1847.44,1891.37,3766181
2020-01-24,GOOGL,1466.17,1494.2,1463.18,1492.82,1489280
2020-01-24,FB,217.94,221.78,216.11,220.8,11905824
2020-01-24,PFE,36.817,37.879,36.644,37.852,35036979
2020-01-24,BNTX,34.99,35.9,33.5663,35.32,209687
2020-01-24,MRNA,21.12,21.8793,20.9,21.6,2947764
2020-01-23,AMZN,1884.58,1889.98,1872.76,1885.11,2484613
2020-01-23,GOOGL,1484.69,1493.5,1480.32,1487.55,1332562
2020-01-23,FB,219.76,221.485,219.27,220.75,11195000
2020-01-23,PFE,37.639,37.751,37.102,37.204,27858991
2020-01-23,BNTX,36.7,37.55,35.31,37.21,192946
2020-01-23,MRNA,21.47,22.65,21.4,22.17,3663943
2020-01-22,AMZN,1887.46,1902.5,1883.34,1896.09,3216257
2020-01-22,GOOGL,1484.17,1500.58,1482.66,1489.73,1422946
2020-01-22,FB,221.32,222.75,221.28,222.31,12212814
2020-01-22,PFE,37.158,37.362,36.956,37.279,18571763
2020-01-22,BNTX,38.88,39.03,36.75,37.61,318222
2020-01-22,MRNA,21.97,23.2,21.7,22.08,10920657
2020-01-21,AMZN,1892.0,1894.27,1860.0,1865.0,3707785
2020-01-21,GOOGL,1482.25,1489.88,1470.21,1479.0,2446601
2020-01-21,FB,221.44,222.37,219.12,222.155,14275784
2020-01-21,PFE,37.297,37.594,37.158,37.335,23720491
2020-01-21,BNTX,36.54,36.54,33.5132,33.79,264481
2020-01-21,MRNA,20.94,21.49,20.645,20.79,2089578
2020-01-17,AMZN,1864.72,1886.64,1857.25,1885.89,3997340
2020-01-17,GOOGL,1479.52,1480.55,1456.55,1462.54,2621175
2020-01-17,FB,222.14,222.29,220.53,222.03,15905944
2020-01-17,PFE,37.454,37.727,37.372,37.511,23687872
2020-01-17,BNTX,33.18,33.6,30.33,33.05,615260
2020-01-17,MRNA,20.62,21.5,20.55,21.5,3348525
2020-01-16,AMZN,1877.94,1885.59,1866.02,1882.99,2659493
2020-01-16,GOOGL,1450.16,1450.7,1440.0,1445.45,1304040
2020-01-16,FB,221.77,222.63,220.39,222.57,10015288
2020-01-16,PFE,37.546,37.718,37.282,37.714,16640645
2020-01-16,BNTX,32.25,35.9,31.275,35.75,692185
2020-01-16,MRNA,21.01,21.87,20.77,21.68,4928102
2020-01-15,AMZN,1862.02,1878.86,1855.09,1872.25,2896592
2020-01-15,GOOGL,1439.2,1440.78,1431.66,1433.02,1077519
2020-01-15,FB,221.15,221.68,220.14,220.61,10036475
2020-01-15,PFE,37.603,37.787,37.141,37.158,24551803
2020-01-15,BNTX,34.55,39.85,33.6,35.3,361022
2020-01-15,MRNA,20.24,20.58,19.94,19.94,2054963
2020-01-14,AMZN,1869.44,1887.11,1858.55,1885.88,3446381
2020-01-14,GOOGL,1430.59,1442.63,1427.77,1440.0,1305636
2020-01-14,FB,219.06,222.38,218.63,221.61,13315361
2020-01-14,PFE,37.049,37.058,36.337,36.455,21467999
2020-01-14,BNTX,34.53,35.475,33.22,35.3,266343
2020-01-14,MRNA,20.0,20.4979,19.55,20.45,1782859
2020-01-13,AMZN,1891.3,1898.0,1880.8,1891.31,2785844
2020-01-13,GOOGL,1440.03,1441.48,1425.37,1435.25,1537317
2020-01-13,FB,221.91,221.97,219.21,219.597,14494517
2020-01-13,PFE,36.438,36.773,36.254,36.631,15795314
2020-01-13,BNTX,37.83,41.32,35.26,41.01,459593
2020-01-13,MRNA,20.26,20.36,18.6,19.26,2207943
2020-01-10,AMZN,1883.16,1906.94,1880.0,1905.37,2856959
2020-01-10,GOOGL,1428.96,1434.94,1419.6,1429.47,1313178
2020-01-10,FB,218.06,219.88,217.42,219.2,12127432
2020-01-10,PFE,36.512,36.635,36.031,36.041,22121594
2020-01-10,BNTX,39.68,44.99,38.2101,44.99,369139
2020-01-10,MRNA,19.14,21.0,19.05,21.0,4504819
2020-01-09,AMZN,1901.05,1917.82,1895.8,1909.89,3174962
2020-01-09,GOOGL,1419.79,1428.68,1410.21,1421.93,1661438
2020-01-09,FB,218.3,218.38,216.278,217.54,12679579
2020-01-09,PFE,35.956,36.307,35.864,36.307,22547246
2020-01-09,BNTX,43.27,46.71,42.71,46.55,234919
2020-01-09,MRNA,18.4,18.55,17.9,18.0,1531344
2020-01-08,AMZN,1891.97,1911.0,1886.44,1898.04,3511966
2020-01-08,GOOGL,1405.04,1411.85,1392.63,1394.82,1766274
2020-01-08,FB,215.22,216.24,212.612,213.0,13492703
2020-01-08,PFE,36.113,36.262,35.827,35.836,16833091
2020-01-08,BNTX,45.1,46.33,44.18,44.3,193946
2020-01-08,MRNA,17.98,18.08,17.76,17.99,1041551
2020-01-07,AMZN,1906.86,1913.89,1892.04,1904.5,4134010
2020-01-07,GOOGL,1395.11,1403.5,1391.56,1400.46,1726456
2020-01-07,FB,213.06,214.58,211.75,212.82,15111857
2020-01-07,PFE,35.827,36.177,35.762,36.17,20665308
2020-01-07,BNTX,43.34,48.85,41.18,47.4,562383
2020-01-07,MRNA,17.78,18.32,17.68,18.15,1461935
2020-01-06,AMZN,1902.88,1903.69,1860.0,1860.0,4065698
2020-01-06,GOOGL,1397.81,1398.32,1351.0,1351.63,2339343
2020-01-06,FB,212.6,212.78,206.52,206.7,17073861
2020-01-06,PFE,35.947,36.059,35.782,35.892,16185177
2020-01-06,BNTX,44.58,45.0,40.1,40.11,333286
2020-01-06,MRNA,18.13,18.74,18.01,18.7,1606505
2020-01-03,AMZN,1874.97,1886.2,1864.5,1864.5,3766604
2020-01-03,GOOGL,1361.52,1373.75,1347.32,1348.0,1170629
2020-01-03,FB,208.67,210.4,206.95,207.214,11197416
2020-01-03,PFE,35.993,36.281,35.752,35.8,15315676
2020-01-03,BNTX,40.05,41.2501,36.42,38.0,176045
2020-01-03,MRNA,18.89,19.36,18.72,19.02,1750976
2020-01-02,AMZN,1898.01,1898.01,1864.15,1875.0,4035910
2020-01-02,GOOGL,1368.68,1368.68,1346.49,1348.41,1364265
2020-01-02,FB,209.78,209.79,206.27,206.75,12090707
2020-01-02,PFE,36.187,36.383,35.943,36.337,16946674
2020-01-02,BNTX,38.5,38.5,35.36,35.75,139671
2020-01-02,MRNA,19.23,19.81,18.88,19.57,1229434
